No,Tgl_Iklan,Urt,Harga_Juta,Kota,LT_m,LB_m,KT,KM,KTP,KMP,Carport,Garasi,Listrik_Watt,Surat,Judul,Deskripsi
1,7-Apr-21,https://rumahdijual.com/2950575 ,1800,Tangerang ,78,84,3,2,0,0,1,0,3500,SHM,RUMAH DIJUAL: The Arcadia Townhouse @ Bintaro,"The Arcadia Town House Bintaro
Devleoper Tristar Sebana Propertindo
Limited Unit 34 Unit Only
Lokasi dekat BPK Penabur Bintaro
Lokasi Strategis

Tipe rumah arcadia townhouse bintaro
Luas tanah mulai dari 67 m2- 129 m2
Luas bangunan mulai dari 84 m2-118 m2

Tipe A
‚Äì Luas Tanah 90-128 m2
‚Äì Luas Bangunan 113 m2
‚Äì 2-3 Kamar tidur
‚Äì 2 Kamar mandi
‚Äì 2 Lantai
‚Äì 2 Carport

Tipe B
‚Äì Luas Tanah 67-122 m2
‚Äì Luas Bangunan 84-86 m2
‚Äì 2-3 Kamar tidur
‚Äì 2 Kamar mandi
‚Äì 2 lantai
‚Äì 2 Carport

Tipe C
‚Äì Luas Tanah 105 m2
‚Äì Luas Bangunan 90 m2
‚Äì 3 Kamar Tidur
‚Äì 2 Kamar Mandi
‚Äì 2 Lantai
‚Äì 2 Carport

Spesifikasi Bangunan :
STRUKTUR
Pondasi ‚Äì Mini Pile
Struktur atas ‚Äì Dinding Bata RIngan, Beton bertulang
Rangka atap ‚Äì Baja Ringan

FINISHING
Lantai Dalam ‚Äì Granit Tile
Lantai Carport ‚Äì Keramik
Lantai Kamar Mandi Utama ‚Äì Granit Tile
Lantai Kamar Mandi ‚Äì Granit Tile
Teras ‚Äì Keramik
Dinding Luar ‚Äì Finishing Cat Weathershield, Batu Alam
Dinding Dalam ‚Äì Finishing Cat
Kusen Jendela & Pintu ‚Äì Aluminium (exterior), Kayu Fabrikasi (Interior)
Daun Pintu Utama ‚Äì Kayu Solid Fabrikasi
Daun Pintu ‚Äì Kayu Fabrikasi
Penutup Atap ‚Äì Genteng Keramik

INSTALASI
Air Bersih ‚Äì Air Sumur Pompa
Septik tank ‚Äì Bio Tech Septik Tank
Listrik ‚Äì 3500 VA

CARA BAYAR

-CASH
-KPR

Bank Kerjasama :
BNI
BTN
BNI SYARIAH

LOKASI
Dekat dengan sekolah BPK Penabur Bintaro
Lingkungan yang asri
Dekat dengan station Jurang Mangu
Diapit oleh tol Bintaro dan Graha Raya
Dekat dengan Rumah Sakit Pondok Indah
Dekat Dengan Rumah sakit Premier Bintaro
Dekat Dengan Pusat perblanjaan serta taman jajan Bintaro
Dekat dengan Trans park Bintaro
Akses yang mudah di jangkau
Serta fasilitas penunjang lainnya yang dimiliki Bintaro Jaya"
2,7-Apr-21,https://rumahdijual.com/2950576,3200,Tangerang ,202,343,4,4,0,0,0,0,0,SHM,"RUMAH DIJUAL: Rumah villa melati mas,bangunan bagus,Full furnish","Dijual rumah villa melati mas,bangunan bagus rapi siap huni
Lt 202 LB 343,Kmr tdr 4 Kmr MANDI 3+1.SHM . pam + jet pump.
Harga 3,2 nego. Fully furnish.
Hub 081288865655"
3,7-Apr-21,https://rumahdijual.com/2950577,1500,Tangerang ,96,110,2,3,1,0,2,0,2200,SHM,RUMAH DIJUAL: Rumah Cantik Murah Villa Bintaro Regency Pondok Aren,"Rumah Murah Full Furnished VBR
Jalan Lebar
Dekat Mesjid & Kolam Renang Perumahan
Lingkungan Nyaman & Asri
Strategis

Lt.96/Lb.110
1,5 Lantai
2 Carport
SHM
Harga Rp. 1,5 M Nego"
4,7-Apr-21,https://rumahdijual.com/2950578,3300,Tangerang ,164,185,4,4,1,0,0,1,3300,SHM,RUMAH DIJUAL: Rumah Murah Jual Cepat Emerald Bintaro Jaya Sektor 9,"Rumah Emerald Murah Jual Cepat Bintaro Jaya Sektor 9

Luas Tanah 164
Luas Bangunan +-185
Kamar Tidur 4+1
Kamar Mandi 3+1
Sertifikat Hak Milik
Hook
Harga Rp. 3,3 Milyard Nego

Security 24 Jam
Strategis
Bebas Banjir
Dekat Toll & Stasiun
Dekat Mesjid As-Shaff & Pasar Modern Emerald
Dekat Rumah Sakit, Mall, Kuliner, Bank/ATM, Polsek, Kelurahan, Cafe, Sekolah, Pertokoan, Perkantoran, Universitas, Perumahan, Cluster, Apartemen, Restoran, dsb
#rumahmurah
#rumahbintaro
#bintarojaya
#clusterelite
#clusterbintaro
#emerald
#rumahmewah
#rumahcantik
#jualcepat
#hargacovid"
5,7-Apr-21,https://rumahdijual.com/2950579,5800,Tangerang ,775,450,4,4,1,0,0,1,3500,SHM,"RUMAH DIJUAL: Murah Hitung Tanah 7,5jt/m2¬†nego di bwh hrg Pasar sektor 2 Bintaro Jaya,Tangsel","Murah. Jual Cepat. Jual Hitung Tanah aja. Jual Tanah pun msh dibawah Harga Pasar 7,5jt/m2 msh nego dgn Luas Tanah 775 m. Sertifikat Hak Milik. IMB ada.
*Harga Promo Covid*

Lingkungan Nyaman & Aman. Security 24 Jam. Dekat dgn Taman.
Bebas Banjir. Tetangga Ramah. Lokasi Strategis Dekat dgn Stasiun, Toll, Rumah Sakit, Mall, Sekolah"", & Pasar Modern.
Langsung aja survey ke lokasi.
Cepatin aja.. Keburu Laku...."
6,7-Apr-21,https://rumahdijual.com/2950580,760,Tangerang ,60,52,2,1,0,0,0,0,0,SHM,RUMAH DIJUAL: Dijual rumah baru diporis indah tangerang,"Dijual rumah baru.. di poris indah tangerang
Hub tony 081807720552 (wa) 082180742079"
7,7-Apr-21,https://rumahdijual.com/2950581,550,Tangerang ,60,50,3,2,0,0,0,1,1300,SHM,RUMAH DIJUAL: Akses Mudah Rumah Murah Bebas Custom Ciater Pamulang Promo Harga #10,".Termurah dan ternyaman lokasi strategis kawasan pusat kota, dengan pembangunan yang sangat menarik, kami sediakan rubah tampak dalam sesuai keinginan (Custom), kami ada contoh di Unit sebelumnya, jadi ada gambaran seperti apa yang di inginkan

Kelebihan Kami
-Pos Security dan keamanan 24 jam (CCTV)
-One Gate System
-Fasum Fasus
-Bebas Banjir
-Jalan dan sekitar sangat nyaman

Lokasi Strategis
- 3menit rencana St MRT Benda dan alun2 20 Hektar
- 3menit kantor walikota tangsel dan superindo
- 5menit Rs permata pamulang
- 5menit Rsia buah hati
- 5menit sekolah Islam Al Zahra
- 5menit Tol Pamulang
- 8menit lotte mart
- 8menit blitz megaplex
- 8menit tol BSD Ciater
- 12menit tol Serpong/BSD
- 12menit St Rawa Buntu
- 18menit St Sudimara

Type 60/50 Rp 610 Juta Nego Dilokasi setelah cocok lokasi, kami bantu semaxsimal mungkin.

Tahap 1 Sold Out 21 Unit
Tahap 2 Sold Out 22 Unit
Tahap 3 ada 30 Unit siap bangun

Miliki sekarang juga unit nya selagi terjangkau, semakin berkembang semakin mahal

In House
Ade Indrawan"
8,7-Apr-21,https://rumahdijual.com/2950582,5400,Tangerang ,180,248,4,4,1,1,1,1,4400,PPJB,RUMAH DIJUAL: Cluster CAELUS Lebar 10 Kawasan GREENWICH PARK BSD City #caelus39,".‚≠ê CAELUS @ Greenwich Park BSD CITY
üèñ Your Home, Your Resort!

Cluster CAELUS berada dikawasan Greenwich Park BSD City
Cluster Caelus di lengkapi fasilitas 1.6 Ha Lagoon Pool, dan dapat dilalui menggunakan Connectivity Path. Benar-benar Trully resort!

Lokasi Sangat Dekat Dengan :
Sekolah IPEKA Plus, JNY, SWA, Binus, Dll
Kampus Prasmul, Atmajaya, UMN
Aeon Mall, Plaza BSD, The Breeze, ITC, SDC
Pasar Modern 2, Intermoda, Exit Toll
RS Eka Hospital, RS Medika, RS THT BSD, RS Bethsaida, RS Carolous
Cluster CAELUS didesain khusus oleh arsitek ternama Denny Gondo dengan Keistimewaan :
Minimalis Tropical Arsitektur
Special Attic Room (Santuary Room with Sky View)
Smart Home System with Smart Lighting
Sky Balcony

SPESIFIKASI UNIT :
üè† L- 10 Badan

Type 248/180
Lb 248 m2
Lt 180 m2 (10 X 18)
4 + 1 Kamar Tidur
4 + 1 Kamar Mandi
Garasi + Carport

Hubungi:
DANNY
081212122727

Link WA :
api.whatsapp.com/send?phone=6281212122727
Sell-Buy-Rent"
9,7-Apr-21,https://rumahdijual.com/2950583,898,Tangerang ,52,126,2,1,0,0,1,0,2200,SHM,RUMAH DIJUAL: bali resort dekat bukit dago gunung sindur #5542,"Kunjungi butikproperti.com Properti Dijual

Tipe : 52/126, Harga 898 Juta, Kondisi Siap Huni

Lokasi : bali resort gunung sindur
Kondisi Bangunan : Siap Huni .
Luas Bangunan : 52 .
Luas Tanah : 126 Hoek (sudut) .
Kamar Tidur : 2 .
Kamar Mandi : 1 .
Lantai : 1 .
Carport : 1 .
Sertifikat: SHM

Info Lainya: lokasi masuk kecamatan gunung sindur bogor, tetapi akses lebih dekat ke serpong bsd city, dekat perumahan bukit dago, akses tol BSD City, akses KRL rawabuntu serpong, dan terjangkau ke AEON mall, lokasi perumahan sangat tertata rapi dan exclusive

Harga : 898 Juta .

Untuk Info dan survey Lokasi Hubungi HP / WhatApps
Wahyudi : 081210999447

WhatApps wa.me/6281210999447

stock lainya klik : www.butikproperti.com
"
10,7-Apr-21,https://rumahdijual.com/2950584,768,Tangerang ,30,41,1,2,0,0,0,0,2200,PPJB,RUMAH DIJUAL: MYZA RUMAH FULLY SMART FURNISHED BSD CITY,"Rumah Millenial BARU Unik dan menarik di BSD
Hunian Rumah Tapak Tapi Seharga unit Studio Apartment
Pertama di BSD untuk yang Muda dan berJiwa Muda Wajib Memiliki Hunian Di Lokasi Strategis ini

ukuran dan harga rumah MYZA BSD CITY

LUAS TANAH UK. 3X 10M

Luas bangunan : 41m

(advanced split level design)

1 master bedroom + ensuite bathroom
1 kitchenb + dinning area + bathroom
1 living room with smart sofa bed ,skylight and balcony
1 working area
fully furnished
harga mulai 700jt an (cash keras)
KPR cicilan 4juta an /bulan

Keunggulan
Kamar tidur 1+2
Lokasi Strategis (dekat Kawasan CBD Tahap 3)
Tersedia shuttle bus ke Terminal intermoda
Deket akses tol
Tersedia shuttle bus ke Terminal intermoda

Fully Smart Furnished
Harga Terjangkau Sekali

cuma 760jt an

belum termasuk Diskon

hingga 12,5%

waoowww berarti cuma 700jt an dong

House For Millenial at First Cluster in the New Area CBD BSD.
buat kamu yg mau KPR bisa tanpa Dp karena utk KpR ekspress diskon 10% dan ditambah 2% jadi bisa bebas biaya akad KPR ,

cuss langsung cicil saja.

mudahkan gaesss dapatin rumahnya"
11,7-Apr-21,https://rumahdijual.com/2950585,2000,Tangerang ,105,87,3,3,0,0,0,0,3500,,RUMAH DIJUAL: NARA 2 PARAMOUNTLAND GADING SERPONG,"WWW.PROPERTYTERBAIK.COM

Nara Village
THE JEWEL OF NARA

Hunian dengan Nuansa Jepang @Gading Serpong dengan lokasi strategis, berada dibagian Timur dan Selatan Gading Serpong, berbatasan langsung dengan Greenwich BSD start from 1,9 Miliaran Hanya 63 UNIT

SPECIAL FEATURES
Potable Water System by PYUA
Smart Door Lock by KEND/setara
Smart Air Ventilation by Mitsubishi
High Speed Internet
Solar Water Heater Hartech/setara
Air Conditioner DAIKIN/setara
Solar Panel

UKURAN
LEBAR 7
7x15
LT 105
LB 86
KT 3 KM 2

Pengembangan L7
7x15
LT 105
LB 124
KT 4 KM 3

LEBAR 8
8x15 & 8x18
LT 120/144
LB 116
KT 3 KM 3

Pengembangan L8
8x15 & 8x18
LT 120/144
LB 147
KT 4 KM 3

FASILITAS
Mini Golf
Jogging Track + 4 Pocket Garden

CARA BAYAR SPECIAL LAUNCHING PROMO
Supercash 7 Hari
Tunai Keras (75 Hari) = KPR DP15% 1x
KPR DP 15% 3x
Tunai Keras 75 Hari = Tunai Bertahap TDP 18x
Tunai Keras 75 Hari = DP 30%1x KB 24x
Berlaku pada masa launching s/d tgl 30 April 2021

HADIAH KONSUMEN
Free 12 Months FIBER TO HOME High Speed Internet by Telkom Indonesia
Free IPKL selama Dua Belas Bulan *Khusus untuk NUP Periode 31 Maret - 18 April 2021
Free IPKL selama Enam Bulan *Khusus untuk NUP Periode 19 - 21 April 2021
Berlaku pada saat Launching"
12,7-Apr-21,https://rumahdijual.com/2950586,5700,Tangerang ,144,177,4,4,1,0,0,2,3500,PPJB,RUMAH DIJUAL: RUMAH READY STOCK CAELUS GREENWICH BSD CITY DISKON HINGGA 10%,"PROMO PENJUALAN JANUARI 2021 RUMAH READY STOCK DARI BSD CITY SINARMASLAND

DENGAN KEMUDAHAN PEMBAYARAN DAN PROMO DISCONT HINGGA 10 %

berlaku cara bayar berikut :
-cara bayar KPR EKPSRESS Dp 10% subsidi Dp 8%
atau diskon 8%
-hard cash diskon 10%
- cara bayar bertahap 6bulan- 12bulan disk 10%

+ gimmick berhadian tambahan Rp.200jt

Caelus BSD memiliki konsep minimalis mewah dan yang unik
dengan sky Balcony dan attic room
Cluster Caelus ini ada didalam Greenwich Park dikawasan Premium yang bernuansa resort dengan 3 club house yang megah dan indah serta memiliki Connectivity Path


Tersedia 3 tipe rumah yg dapat anda pilih ,yaitu tipe lebar 8 lebar 9 dan 10

*Tipe rumah lebar 8*
seharga Rp. 4.338.817.000
Tipe ini adalah tipe rumah terkecil di cluster Caelus
Rumah unit badan memiliki 8x19m dengan luas bangunan 147m dan luas tanah 152m
Unit hoek memiliki luas bangunan 147m danbluas tanah bervariasi
Tipe rumah ini memiliki 4+1 kamar tidur
Setiap kamar memiliki kecuali attic room memiliki kamar mandi luar
Carpot 2 mobil

Tipe rumah lebar 9
harga rp.5.778.590.000,- (hoek)
Rumah unit badan memiliki uk.9 x 16m dengan luas bangunan 177m dan luas tanah 144m
Unit hoek memiliki luas bangunan 178m dan luas tanah bervariasi 206m
Kamar tidur 4+1 kamar mandi dalam kecuali attic room
Carpot 2 mobil

Tipe lebar 10
seharga Rp. 6.129.690.000,-
Tipe ini adalah tipe terbesar di Caelus
Rumah unit badan tipe rumah ini memiliki uk. 10 x 18m dengan luas bangunan 248m dan luas tanah 180m
Unit hoek memiliki luas bangunan 250m dan luas tanah bervariasi
Memiliki 4 +1 kamar tidur
Dan jamar mandi semua didalam kamar kecuali attic room
Khusus tipe ini tersedia ruang mezzanine yang dpt dimanfaatkan utk gudang atau area service
Carpot 2 mobil"
13,7-Apr-21,https://rumahdijual.com/2950587,1100,Tangerang ,52,60,3,2,0,0,0,0,2200,PPJB,RUMAH DIJUAL: baroni at symphonia sumarecon serpong tangerang,"cluster BARONI at symphonia summarecon serpong

setelah sukses memasarkan 6 cluster sebelumnya di kawasan symphonia .summarecon serpong produk unggulannya yang best seller unit , yang selalu ditunggu tunggu keluarga yang ingin memiliki kenyamanan hidup

cluster ""BARONI"" dengan berbagai keunggulannya:
-new distric area development at symphonia
-200h with green and modern facility
-tech features in your home (smart home system)
-cluster with lake view
-pedestrian and bycycle lane
-symphonia urban park with laE AND LIFE STYLE AREA
-new cluster near universuty area
-clubhouse and swimming pool

tipe tipe rumah BARONI:
-lebar 5 luas tanah 5x10,5
tipe bangunan Deluxe and luxury
perkiraan harga rp.1,1 milyar-an

-lebar 6 luas tanah 6x12m
tipe banguna deluxe and luxury
perkiraan harga rp.1,3 milyar-an

- lebar 7 dengan luas tanah 7x12
tipe bangunan deluxe dan luxury
perkiraan harga Rp.1,6 milyar -an"
14,7-Apr-21,https://rumahdijual.com/2950588,3950,Tangerang ,108,195,5,4,1,1,1,1,3500,PPJB,"RUMAH DIJUAL: Rumah 3 lantai di Cluster Winona Alam Sutera, LAUNCHING SOON !!","üéâüéâ SUTERA WINONA @ Alam Sutera üéâüéâ
Rumah 3 Lantai di CBD Alam Sutera

Type :
- Type Alder 6√ó18 / 195 (4 Kmr) harga mulai dari 3,9M-an.
- Type Luciola 7√ó18 / 231 (5 Kmr) harga mulai dari 4,9M-an.
- Type Wallace 8√ó18 / 277 (5 Kmr) harga mulai dari 5,9M-an.
- Type Wallace sudut 8+ √ó18 / 287 (5 Kmr) harga mulai dari 6,5M-an.

keunggulan :
‚òëÔ∏è Model American Classic
‚òëÔ∏è Bangunan 3 lantai.
‚òëÔ∏è Total unit 225.
‚òëÔ∏è Spacious room.
‚òëÔ∏è ROW 12 & 10m.
‚òëÔ∏è Carport 2 mobil + Canopi.
‚òëÔ∏è Floor to celling 3m.
‚òëÔ∏è Lift kapasitas utk 4 org ( khusus type Wallace uk 8√ó18)**
‚òëÔ∏è Sport Lounge kolam renang & lapangan basket.
‚òëÔ∏è Kitchen set Toto dan Solar Water Heater.
‚òëÔ∏è Kavling hanya 3 unit
‚òëÔ∏è Lokasi tepat dibelakang Weston Lane Business Home (Ruko Weston Lane 100% SOLD OUT)

BOOK NOW 20jt (Refundable)**
Unit SOLD 50%

More Info :
Vivian - Inhouse Alam Sutera
Marketing Executive
0812 1999 5828 (WA) Fast Respond
vivian_mkt28@yahoo.com
PT Alam Sutera Realty, Tbk"
15,7-Apr-21,https://rumahdijual.com/2950589,1400,Tangerang ,60,73,3,2,0,0,0,1,2200,SHM,SYNTHESIS HOMES Cirendeu Ciputat,"Synthesis Homes Cirendeu Simple Life, Smart Living, harga Early Bird

Fasilitas :
Green Park
Edu Park
Sport Park
Fun Park
Luas : 4,7 Ha
4 Taman Tematik
Club House
Kawasan Terpadu
Internet fiber optic
Picnic Field
BBQ Area
Bicycle Line
Jogging Track
Outdoor Gym & Children Playground
Tipe Unit Rumah :

Tipe PARAS
LT 72 m2 / LB 91 m2 (6x 12)
2 lantai
4 kamar tidur
2 kamar mandi
1 carport
Tipe SABAK
LT 60 m2 / LB 73 m2 (6x10)
2 lantai
3 kamar tidur
2 kamar mandi
1 carport
Tipe LT 90 m2 (6x15)
(Coming Soon)

Akses :
5 menit ke stasiun MRT Lebak Bulus (hanya 2 km)
15 menit ke stasiun Parung Panjang
10 menit ke CBD Simatupang
20 menit ke Bintaro Exchange Mall
5 km ke stasiun Sudimara
6 km ke stasiun Parung Panjang
SYNTHESIS HOMES Cirendeu

Synthesis Development dan PT Anugerah Efod Sempurna mewujudkan konsep becoming simple dalam kawasan hunian SYNTHESIS HOMES Cirendeu



Info lebih Lanjut :

PONGKY

087883430402 - WA"
16,7-Apr-21,https://rumahdijual.com/2950590,1400,Tangerang ,140,110,2,1,0,0,0,0,2200,HGB,RUMAH DIJUAL: Dijual rumah termurah siap huni graha raya,"Dijual Rumah Cantik Siap Huni - Harga Miring - Graha Bunga - Graha Raya - Bintaro - Tangerang

Sertifikat HGB ( Hak Guna Bangunan )

Spesifikasi rumah
Luas Tanah : 118
Luas Bangunan : 110
Kamar Mandi : 1
Kamar Tidur : 2
Listrik : 2.200 watt


Lokasi Sangat Strategis
1. Dekat dengan Transmart, MCD dan Giant
2. Dekat dengan Sekolah Montesory, Abdi Siswa
3. Dekat dengan perbankan
4. Dekat dengan Alfamart dan Indomart
5. Dekat dengan Jalan Tol
6. Dikelilingi perumahan graha raya
7. dekat dengan masjid dan rumah sakit
8. dekat dengan Apotek


Segera survei dan buktikan sendiri
untuk info dan survei Hubungi :
Henny ( 08561125604 )
Graha Star Property"
17,7-Apr-21,https://rumahdijual.com/2950591,1550,Tangerang ,93,95,2,2,1,0,0,0,2200,SHM,RUMAH DIJUAL: Dijual Rumah Cluster di Rempoa''',"Dijual Rumah Cluster di Rempoa

Harga 1,550.000.000 Nego

Spesifikasi
Luas Tanah 93 m
Luas Bangunan 95 m
Kamar Tidur 2+1
Kamar Mandi 1+1
SHM
Listrik 2200 kwh


Aksesbility
Dekat dengan minimarket
Dekat dengan Sarana Pendidikan
Dekat dengan Sarana Keagamaan
Dekat dengan Pasar Tradisional
Dekat dengan Tol Bogor
Dekat dengan Shelter Bus Transjakarta
Dekat dengan Giant ekaspres Rempoa, Superindo Ekspress Rempoa, ACE Hardware Rempoa, Ramayana Ciputat, Gandaria City.
Dekat dengan Perguruan Tinggi UIN dAN UMJ, UPJ, UBL, UNPAM
Dekat dengan Tempat Rekreasi
Tunggu Apalagi,...
Segera Miliki Rumah Impian Anda  

Info Lebih Lanjut Hubungi
Henny 0856 1125 604
Graha Star Property"
18,7-Apr-21,https://rumahdijual.com/2950592,1250,Tangerang ,72,108,3,3,0,0,0,0,3500,SHM,"RUMAH DIJUAL: Dijual Rumah Cantik Siap Huni Cluster Carissa Graha Raya'
","Dijual Rumah Cantik Siap Huni Cluster Carissa Graha Raya

Harga 1.250.000.000 M nego

Spesifikasi
Luas Tanah 72 m
Luas Bangunan 108 m
Kamar Tidur 3
Kamar mandi 3
Listrik 3500 kwh
Air Jetpump
SHM

Aksesbilty
Dekat Dengan Transmart Graha Raya Bintaro
Dekat Dengan Swalayan Giant Graha Raya, Superindo
Dekat Dengan Mc Donald, KFC
Dekat Dengan Alfamart/Indomart
5 Menit Ke Pasar Segar Bintaro
10 Menit Ke Mall Alam Sutra Dan Mall Living World
10 Menit Ke Pasar Bengkok
Dekat Pintu Tol Alam Sutra/Bintaro Dan Kampus Binus
Dekat Rs. Omni Internasional, Rs Permata Ibu
Dikelilingi Perumahan Graha Raya
Dekat Apartement Baru Alam Sutra
7 Menit Ke Giant Alam Sutra
Dekat Sekolahan SD, SMP Dan SMA
Tunggu Apalagi,...
Segera Miliki Rumah Impian Anda 

Info Lebih Lanjut Hubungi
Henny 0856 1125 604
Graha Star Property"
19,6-Apr-21,https://rumahdijual.com/2950593,1100,Tangerang ,78,54,2,1,0,0,0,1,,,"RUMAH DIJUAL: DIJUAL RUMAH di The Green Residence @ Legok Tangerang, cluster Emerald","Dijual rumah : Dijual rumah :
Lokasi di The Green Residence @ Legok Tangerang, cluster Emerald.

Spesifikasi
Luas tanah/bangunan : 78/54 m2
2 kamar tidur
1 kamar mandi dan
1 lantai mezanine

Dijual dengan full furniture lengkap dan full custom (lemari, ranjang, rak sepatu, meja tv, meja belajar anak) plus dengan :
3 unit AC samsung
Water heater ariston
Mesin cuci samsung (8,5 kg)
Kompor 5 tungku & oven Azalea plus cooker hood
Sofa dan meja makan

Lokasi berkembang dan asri
20 menit ke ICE BSD, Aeon Mall dan Qbig BSD
15 menit ke KRL
15 menit ke Gading Serpong

AYOOO, yang berminat silahkan hubungi:

Meiliyani (08111085276)
Stars Realty"
20,6-Apr-21,https://rumahdijual.com/2950594,950,Tangerang ,100,100,4,3,0,0,1,0,2200,SHM,RUMAH DIJUAL: Rumah 2 lantai siap huni di Pamulang Permai,"*** Dijual Cepat Rumah Siap Huni di Pamulang Permai ***


LT : 100 M2
LB : 100 M2
KT : 4
KM : 3
Listrik : 2200 Watt
Sertifikat : SHM
Hadap : Timur

Harga : 950 JT (Nego tipis)

Alamat : Perumahan Pamulang Permai 1 Pamulang Tangerang Selatan

Fasilitas
- Carport
- Bebas banjir
- Lingkungan aman dan nyaman
- Hanya selangkah ke UNPAM
- 5 Menit ke RSUD Tangerang Selatan
- 15 Menit ke TOL BSD
- 20 Menit ke Bandara Pondok Cabe
- Dikelilingi pusat perniagaan & Perbangkan
- Kuliner Malam
- 5 Menit ke RS Buah Hati / Permata Pamulang


Untuk Informasi Hubungi :

HADIE
0812 5011 1551 (WA)"
21,5-Apr-21,https://rumahdijual.com/bsd/8517485-anartha-house-konsep-kost-kostan-di-bsd-cocok-untuk.html,975,Tangerang ,89,34,6,3,0,0,1,0,2200,SHM,RUMAH DIJUAL: Anartha House Konsep Kost Kostan di BSD - Cocok Untuk Investasi - Termurah,"Jual cepat!!
Rumah kost Anartha House
6 kamar tidur
3 kamar mandi
Furnish
6 ac
Token listrik sudah displit perkamar
Posisi dekat s.pool

Harga 1 M nego!!!

-- BISA KPR

api.whatsapp.com/send?phone=6287888051024"
22,5-Apr-21,https://rumahdijual.com/bsd/8565998-rumah-termurah-di-hylands-greenwich-park-bsd-city-nego.html,1480,Tangerang ,77,70,4,3,1,0,0,1,0,PPJB,"RUMAH DIJUAL: Rumah Termurah di Hylands Greenwich Park BSD City, Nego Sampai DEAL","Dijual Cepat

Greenwich Park Cluster Hyland
LT/LB: 77 / 70
KM/KT: 2+1 / 3+1
Full Sampai belakang renovasinya, ada canovi
Sertifikat PPJB
Harga 1.500.0000 Nego

Untuk Info Selanjut nya, hubungi :

R I A N
087888051024 - 085317962840
BOLD Property AGENT
JUAL - BELI - SEWA
Titip Jual - Titip SEWA

api.whatsapp.com/send?phone=6287888051024"
23,5-Apr-21,https://rumahdijual.com/bsd/9756172-jual-cepat-rumah-assana-house-vanyapark-bsd.html,1250,Tangerang ,60,53,3,2,0,0,1,0,2200,SHM,RUMAH DIJUAL: JUAL CEPAT RUMAH ASSANA HOUSE @VANYAPARK BSD,"Sangat Dekat Dengan :

Aeon Mall, ICE Convention Hall, The Breeze, Q-big Mall
Stasiun KRL, Exit Toll Aeon, Intermoda, Pasar Modern 2
Astra Biz Center, Wisma BCA, Froogy, Gramedia, Showroom Mercy
Sekolah Ipeka +, JNY, SWA, Binus, Al-Azhar
Kampus Prsaetiya Mulya, Atmajaya, IULI, STABN
RS Eka Hospital, RS Medika BSD, RS THT BSD, RS Omni Internasional

Spesifikasi:

‚Ä¢ Rumah 2 Lantai
‚Ä¢ Luas Tanah: 77 m2 (7x11)
‚Ä¢ Luas Bangunan: 70 m2
‚Ä¢ Kamar Tidur: 3
‚Ä¢ Kamar Mandi: 2
‚Ä¢ Hadap Selatan
‚Ä¢ 1 Carport

Informasi Hubungi Marketing :
RIAN
087888051024"
24,5-Apr-21,https://rumahdijual.com/tangerang/8657215-dijual-cluster-mewah-strategis-di-gading-serpong-golden-stone.html,2139,Tangerang ,126,120,4,3,1,0,1,0,2200,SHM,"RUMAH DIJUAL: Dijual Cluster Mewah Strategis di Gading Serpong ""GOLDEN STONE""","GOLDEN STONE SERPONG
Hunian Mewah Nuansa Resort
Rumah Super Keren Di Serpong Tangerang.

LOKASI : Bersebelahan dengan kawasan Sumarecon Gading Serpong, Tangerang

FASILITAS : Lengkap baik di dalam maupun luar cluster

Ada Kawasan Commercial Areanya juga loh‚ù§
INFO Visit : RIAN 087888051024

api.whatsapp.com/send?phone=6287888051024"
25,5-Apr-21,https://rumahdijual.com/2950575 ,1450,Tangerang ,77,70,4,3,1,0,1,0,2200,SHM,RUMAH DIJUAL: Rumah Termurah di Cluster Hylands Greenwich Park BSD City -,"Dijual Cepat

Greenwich Park Cluster Hyland
LT/LB: 77 / 70
KM/KT: 2+1 / 3+1
Full Sampai belakang renovasinya, ada canovi
Sertifikat PPJB
Harga 1.500.0000 Nego

Untuk Info Selanjut nya, hubungi :

R I A N
087888051024 - 085317962840
BOLD Property AGENT
JUAL - BELI - SEWA
Titip Jual - Titip SEWA

api.whatsapp.com/send?phone=6287888051024"
26,5-Apr-21,https://rumahdijual.com/bsd/6012706-perumahan-golden-park-3-dekat-aeon-mall-suasana-asri.html,682,Tangerang ,50,49,3,2,0,0,1,0,2200,SHM,RUMAH DIJUAL: Perumahan Golden PARK 3 DEKAT AEON MALL - Suasana Asri Konsep Villa Limited,"Dijual Perumahan Cluster Murah dan Termewah di BSD Serpong !!!


Promo Bulan ini :
-- Free Pajak BPHTB 5% (Ditanggung Developer)
-- Free Canopy

""GOLDEN PARK 3""




Persembahan Terbaru Dari GNA GROUP:

KEUNGGULAN :
- Luas total 17 HA
- Lokasi di Serpong
- ROW Boulevard 2 jalur total 14 m
- ROW perumahan 7 m
- Floor to Ceiling Tinggi 4.5 m 1 lantai
- Harga Jual include BPHTB

Lokasi Sangat Strategis di Dekat :

Aeon Mall BSD, Stasiun Cisauk, Pintu Toll BSD, Stasiun Rawa buntu, Pasar Modern 2 BSD, Planning Toll serpong Balaraja (akses Bandara), Univ. Prasetya Mulya, Univ. AtmaJaya, Nanyang School, ICE BSD, German Center, R.S eka Hospital, R.s Medika BSD, The Breeze, dll

RUMAH 1 lantai dengan Harga hanya:
- Tipe 5x10 : Rp. 453,033,750
- Tipe 6x10 : Rp. 577,999,500

RUMAH 2 lantai dengan Harga hanya:
- Tipe 5x10 : Rp. 682.785.090
- Tipe 5x12 : Rp. 740.538.240
- Tipe 7x12 : Rp. 1.160.499.471
- Tipe 7x15 : Rp. 1.286.564.833


*SERAH TERIMA :* 24 BULAN

*SISTEM PENJUALAN : BOOKING FEE 10jt , Langsung pilih unit

*TUNGGU APA LAGI... JANGAN KETINGGALAN SEBELUM KEHABISAN... UNIT TERBATAS!!! , BOOK NOW!!!*

*SIAPA CEPAT DIA DAPAT!!!*

for more info : Riansyah - 087888051024 / 085317962840"
27,5-Apr-21,https://rumahdijual.com/bsd/10422153-rumah-viral-milenials-di-sinarmas-land-bsd-myza-fully.html,878,Tangerang ,41,30,3,2,0,0,0,0,0,SHM,"RUMAH DIJUAL: RUMAH VIRAL Milenials di Sinarmas Land BSD, ""MYZA"" Fully furnish + Diskon","New Cluster Sinarmas land bsd city

Only 800jtaan (Fully Furnished) Tinggal bawa koper

Jadi ada 4 cara bayar :
-Cash keras 1 bulan diskon 12,5%
-kpr ekspress dp 10% diskon 12%
-kpr ekspress dp10% subsidi dp 10% jadi pembeli tidak membayar dp 10% + free biaya kpr 2%
-kpr dp 10% bisa di cicil 15x

More info :
R I A N
087888051024
BoldPro"
28,5-Apr-21,https://rumahdijual.com/bsd/10422205-new-cluster-sinarmas-land-myza-fully-furnished-free-dp.html,878,Tangerang ,41,30,3,2,0,0,0,0,0,SHM,"RUMAH DIJUAL: NEW CLUSTER SINARMAS LAND "" MYZA"" fully furnished + Free DP","New Cluster Sinarmas land bsd city

Only 800jtaan (Fully Furnished) Tinggal bawa koper

Jadi ada 4 cara bayar :
-Cash keras 1 bulan diskon 12,5%
-kpr ekspress dp 10% diskon 12%
-kpr ekspress dp10% subsidi dp 10% jadi pembeli tidak membayar dp 10% + free biaya kpr 2%
-kpr dp 10% bisa di cicil 15x

More info :
R I A N
087888051024
BoldPro"
29,5-Apr-21,https://rumahdijual.com/bsd/10422269-cluster-myza-sinarmas-land-bsd-serpong-free-dp-booking.html,878,Tangerang ,41,30,3,2,0,0,0,0,0,SHM,"RUMAH DIJUAL: Cluster MYZA Sinarmas Land BSD Serpong, Free DP , booking langsung Akad","New Cluster Sinarmas land bsd city

Lokasi strategis samping Sekolah BPK Penabur

Only 800jtaan (Fully Furnished) Tinggal bawa koper

Jadi ada 4 cara bayar :
-Cash keras 1 bulan diskon 12,5%
-kpr ekspress dp 10% diskon 12%
-kpr ekspress dp10% subsidi dp 10% jadi pembeli tidak membayar dp 10% + free biaya kpr 2%
-kpr dp 10% bisa di cicil 15x

More info :
R I A N
087888051024
BoldPro"
30,5-Apr-21,https://rumahdijual.com/bintaro/9918120-rumah-dijual-bintaro-havana-park-murah-unit-004-a.html,600,Tangerang ,60,50,3,2,0,0,1,1,1300,SHM,"RUMAH DIJUAL: rumah dijual, bintaro Havana park murah unit 004","rumah dijual, bintaro Havana park murah unit 004

Rojak : 082299914969

bit.ly/3oSXhsY

Fasilitas super lengkap :

- 3 Menit ke stasiun Sudimara Bintaro

- 5 menit ke stasiun Jurangmangu

- 5 menit ke toll perigi dan Bintaro

- lokasi sangat strategis

- Harga pasaran 2 M, kami jual hanya 600 jt-an

- untung buat investasi

- Bisa CUSTOM (desain sendiri)

- Unit Terbatas

- lokasi abadi anti banjir

- Cara bayar Cash Keras & Cash bertahap



#propertiindonesia #home #investasiproperti #rumahdijualbintaro #homesweethome #inspirasirumah #perumahanbaru #house #belirumah #rumahtangerang #rumahidaman #rumahmurahbintaro #rumahjabodetabek #rumahmurah #rumahbintaro #rumahmodern #rumahminimalis #investasi #rumah #jualrumahmurah #propertimurah #hunian #realestate #rumah2lantai #rumah2lantaibintaro #rumah2lantaidibintaro #rumahbsd #rumahdibsd #rumahmurahbsd #rumahmurahdibsd #rumah2lantaibsd #rumah2lantaidibsd



Klik ja

bit.ly/3oSXhsY

Jl GANDA SASMITA BINTARO Marketing Rojak 082299914969 Dekat stasiun sudimara jombang, Stasiun jurangmangu dan toll Perigi Bintaro AKES ARAH Alam Sutera Bintaro BSD Cikokol Ciledug Cipadu Cipondoh Ciputat Ciputat Timur Cireundeu Gading Serpong Jombang Karang Tengah Karawaci Kelapa Dua Kosambi Larangan Lippo Karawaci Modernland Pamulang Pondok Cabe Pondok Ranji Regency Melati Mas Rempoa Serpong Serpong Park Serpong Summarecon Serpong Utara Sudimara Villa Melati Mas, Angke, Cengkareng, Citra Garden, Daan Mogot, Duri Kepa, Duri Kosambi, Green Ville, Grogol, Intercon, Jelambar, Jembatan Lima, Joglo, Kali Deres, Kapuk, Kebon Jeruk, Kedoya, Kemanggisan, Kembangan, Kepa Duri, Kota, Mangga Besar, Meruya, Permata Buana, Puri Indah, Puri Mansion, Slipi, Srengseng, Sunrise, Taman Palem, Taman Ratu, Taman Semanan Indah,Taman Surya, Tambora, Tanjung Duren, Tomang, Ampera, Antasari, Bangka, Bintaro, Buncit, Casablanca, Ciganjur, Cilandak, Cinere, Cipedak, Cipete, Ciputat, Cirendeu, Duren Tiga, Fatmawati, Gandaria, Gatot Subroto, Jagakarsa, Jati Padang, Kalibata, Kebagusan, Kebayoran Baru, Kebayoran Lama, Kemang, Kuningan, Lebak Bulus, Lenteng Agung, Mampang, Mampang Prapatan, Mega Kuningan, Menteng Pakubuwono, Pancoran, Panglima Polim, Pasar Minggu, Pejaten, Permata Hijau, Pesanggrahan, Petukangan, Pondok Indah, Pondok Labu, Pondok Pinang, Radio Dalam, Ragunan, Senayan, Senopati, Setia Budi, Simprug, Sudirman, Tanah Kusir, Tanjung Barat, TB. Simatupang, Tebet"
31,5-Apr-21,https://rumahdijual.com/10275079 ,2900,Tangerang ,180,220,4,4,0,0,1,0,4400,SHM,RUMAH STRATEGIS TAMAN ROYAL 2,"RUMAH BAGUS BESAR DIPERUMAHAN TAMAN ROYAL 2!!			
STRATEGIS DKT PUSAT KOTA,ROW JALAN SGT BUESAR,BEBAS BANJIR,AMANN...			
BAHAN BATA MERAH BKN HEBEL,KOKOH KUAT			
LUAS BANGUNAN FULL SAMPE BELAKANG			
ATAS 2 KMR TDR,1KMR MNDI,RUANG JEMURAN DAN CUCI			
BAWAH 1KMR TIDUR DGN KMR MNDI DALAM,1 KMR MNDI LUAR,1KMR PEMBNTU DAN 1 KMR MNDI PEMBNTU.			
TORREN 1500LTR,LISTRIK 4400WATT.			
HARGA MASIH BISA NEGOO...			
YG BERMINAT SEGERA HUBUNGI SYA			
WA 081380198784			"
32,5-Apr-21,https://rumahdijual.com/2950575 ,1550,Tangerang ,102,120,3,2,1,0,0,1,2200,SHM,RUMAH BAGUS STRATEGIS DISUTRA FERONIA ALAM SUTERA,"PERUMAHAN BAGUS RAPI TERATUR DAN BERSIH.				
LINGKUNGAN ASRI DAN NYAMAN,AMAN DGN ONE GATE SYSTEM SECURITY 24JAM.				
FASILITAS 2 TAMAN BERMAIN DAN SWIMMING POOL FREE BAGI WARGA.				
LOKASI STRATEGIS DKT DGN INDOMARET,TEMPAT MAKANAN,MALL LIVING WORLD HNYA 5 MENIT.				
AKSES TOL KEJKRTA TERCEPAT				
HARGA YG DITAWARKAN SANGAT MENARIK!!				
BURUAN SIAPA CEPAT DIA DAPAT SEBELUM HARGA NAIK LAGI DIKARENAKAN TOL BARU KUNCIRAN SERPONG DLM PROGRESS PEMBNGUNAN.				
				
HUBUNGI JASON ADI:081380198784				"
33,5-Apr,https://rumahdijual.com/tangerang/10148893-rumah-besar-harga-termurah-kluster-terbaik-dialam-sutera.html ,3000,Tangerang ,200,180,4,4,1,0,1,1,3300,SHM,RUMAH BESAR HARGA TERMURAH KLUSTER TERBAIK DIALAM SUTERA,"
LIMITED UNIT LUAS TANAH 200MTER DGN HARGA TERMURAH!!
HARGA MASIH NEGOO...

LOKASI DIKLUSTER FAVORIT YG RAPI TERAWAT BERSIH DGN FASILITAS KOLAM RENANG,STRATEGIS DEKAT MALL LIVINGWORLD,PASAR 8, INDOMARET,PUSAT MAKANAN DLL

YANG SERIUS BERMINAT SEGERA HUBUNGI SAYA

JASON ADI WA:081380198784"
34,4-Apr-21,https://rumahdijual.com/tangerang/6102817-rumah-cluster-ep-pondok-aren-tangsel-donhan.html,1800,Tangerang ,106,120,3,3,1,1,1,0,2200,"SHM, IMB","RUMAH DIJUAL: Rumah Cluster ""EP"" Pondok Aren, Tangsel | DonHan","Rumah cluster dg Taman Terbuka Hijau di ""EP"" Pondok Aren, Tangsel

Surrounding Area :

5 menit Halte Busway
10 menit Tol JORR
15 menit RS Premiere Bintaro
20 menit Bintaro X-Change Mall
Dekat dengan Universitas Budi Luhur
Bintaro Plaza
XXI CBD Ciledug
Pasar Textile Ciledug
Minimarket

SPESIFIKASI UNIT dan Fasilitas

Struktur : Beton bertulang
Pondasi : Beton bertulang & Batu kali
Dinding : Pasangan bata merah plester
Lantai : Granit tile 60x60cm
Rangka Atap : Kuda-kuda baja ringan
Penutup Atap : Genteng Flat Beton
Plafon Dalam : Gypsum Board
Plafond Luar : GRC Board
Kusen : Kayu kamper samarinda oven alumunium alexindo
Daun Pintu : Solid kamper samarinda oven
Daun Jendela : Alumunium
Sanitary : TOTO/setara
Elektrikal : Kabel standar SNI, 2200VA
Cat Dinding Luar : Mowilex/setara
Cat Plafond : Vinnilex/setara
Carport
2 Lantai
Taman Terbuka Hijau
One Gate System
Security 24 Jam


UNIT TYPE

Type 106/120 : Rp 1.863.000.000

Kamar Tidur : 3+1
Kamar Mandi : 4
Listrik : 2200 Watt

Sertifikat

SHM + IMB

Cara Pembayaran

Tunai Keras
Kredit Bank
Tunai Bertahap
DP KPR 20% dicicil 6x

Hubungi Marketing Official Kami

ERNIE CHAN

0812 8488 5966
0817 802 634


Info lengkap: https://rumahdijual.com/tangerang/6102817-rumah-cluster-ep-pondok-aren-tangsel-donhan.html
Follow us: @rumahdijual on Twitter - RumahDijual.com on Facebook"
35,4-Apr-21,https://rumahdijual.com/bsd/9630229-dijual-murah-aria-foresta-di-bsd-city-siap-huni.html,3500,Tangerang ,220,206,4,3,1,1,1,1,2200,"PPJB, AJB","RUMAH DIJUAL: dijual murah, aria foresta di bsd city, siap huni lingkungan aman nyaman","Dijual rumah siap huni, lingkungan nyaman dan aman
Cluster Aria Foresta di bsd city
- luas tanah 220m (10x22)
- luas bangunan 206m
- kamar tidur 4+1
- kamar mandi 3+1
- garasi 1mbl, carport 1mbl
- listrik 2200watt
- surat ppjb sia ajb
- bangunan hadap selatan
- harga Rp. 3.500.000.000,- nego

Hub. Peter di 081288337730 (api.whatsapp.com/send?phone=6281288337730)

Info lengkap: https://rumahdijual.com/bsd/9630229-dijual-murah-aria-foresta-di-bsd-city-siap-huni.html
Follow us: @rumahdijual on Twitter - RumahDijual.com on Facebook"
36,4-Apr-21,https://rumahdijual.com/bsd/9631082-dijual-muraaah-aria-foresta-di-bsd-city-unit-langka.html,3200,Tangerang ,220,206,4,3,1,1,1,1,2200,"PPJB, AJB","RUMAH DIJUAL: dijual muraaah, aria foresta di bsd city, unit langka..","Dijual rumah siap huni, lingkungan nyaman dan aman
Cluster Aria Foresta di bsd city
- luas tanah 220m (10x22)
- luas bangunan 206m
- kamar tidur 4+1
- kamar mandi 3+1
- garasi 1mbl, carport 1mbl
- listrik 2200watt
- surat ppjb sia ajb
- bangunan hadap selatan
- harga Rp. 3.500.000.000,- nego

Hub. Peter di 081288337730 (api.whatsapp.com/send?phone=6281288337730)

Info lengkap: https://rumahdijual.com/bsd/9631082-dijual-muraaah-aria-foresta-di-bsd-city-unit-langka.html
Follow us: @rumahdijual on Twitter - RumahDijual.com on Facebook"
37,4-Apr-21,https://rumahdijual.com/tangerang/6072145-rumah-cluster-ep-pondok-aren-tangsel-donhan.html,1800,Tangerang ,120,106,3,3,1,1,1,0,2200,"SHM, IMB","RUMAH DIJUAL: Rumah Cluster ""EP"" Pondok Aren, Tangsel | DonHan","Rumah cluster dg Taman Terbuka Hijau di ""EP"" Pondok Aren, Tangsel

Surrounding Area :

5 menit Halte Busway
10 menit Tol JORR
15 menit RS Premiere Bintaro
20 menit Bintaro X-Change Mall
Dekat dengan Universitas Budi Luhur
Bintaro Plaza
XXI CBD Ciledug
Pasar Textile Ciledug
Minimarket

SPESIFIKASI UNIT dan Fasilitas

Struktur : Beton bertulang
Pondasi : Beton bertulang & Batu kali
Dinding : Pasangan bata merah plester
Lantai : Granit tile 60x60cm
Rangka Atap : Kuda-kuda baja ringan
Penutup Atap : Genteng Flat Beton
Plafon Dalam : Gypsum Board
Plafond Luar : GRC Board
Kusen : Kayu kamper samarinda oven alumunium alexindo
Daun Pintu : Solid kamper samarinda oven
Daun Jendela : Alumunium
Sanitary : TOTO/setara
Elektrikal : Kabel standar SNI, 2200VA
Cat Dinding Luar : Mowilex/setara
Cat Plafond : Vinnilex/setara
Carport
2 Lantai
Taman Terbuka Hijau
One Gate System
Security 24 Jam


UNIT TYPE

Type 106/120 : Rp 1.863.000.000

Kamar Tidur : 3+1
Kamar Mandi : 4
Listrik : 2200 Watt

Sertifikat

SHM + IMB

Cara Pembayaran

Tunai Keras
Kredit Bank
Tunai Bertahap
DP KPR 20% dicicil 6x

Hubungi Marketing Official Kami

ERNIE CHAN

0812 8488 5966
0817 802 634

Info lengkap: https://rumahdijual.com/tangerang/6072145-rumah-cluster-ep-pondok-aren-tangsel-donhan.html
Follow us: @rumahdijual on Twitter - RumahDijual.com on Facebook"
38,4-Apr-21,https://rumahdijual.com/tangerang/5734859-rumah-modern-minimalis-di-google-page-ranking-pamulang-tangerang.html,682,Tangerang ,72,36,2,1,0,0,1,0,1300,SHM,RUMAH DIJUAL: Rumah Modern minimalis di PRPRPR $Pamulang$ $Tangerang$ $Selatan$ | $Zul_Don$,"Hunian Premium Cluster terbaru "" Pin Residence "" , Pamulang Tangerang Selatan
Berkonsep modern minimalis dengan arsiktektur dengan spefikasi tinggi dengan telah
diprogress 40 Unit kondisi 80% dengan stok tersedia 130 Unit masih tersedia :

- Atap Genteng Cisangka
- Pemipaan ""leher angsa""
- Dinding Hebel atau bata ringan
- Lantai yang Homogeneous Title
- Seijin Engineering Door
- Sanitair premium dari American Standard
- Ceiling 5 meter cluster berlantai 1

FASILITAS dan SELLING POINTS :

- Tersedia/dekat pusat perbelanjaan, SD Negri, SMP Swasta dan Universitas Swasta
- 10 Menit ke RS Permata,RSIA Vitalaya
- 15 Menit ke Stasiun Kereta Api Sudimara dan Pondok Cabe Golf Club
- 20 Menit ke BSD City, Aeon Mall dan The Breeze BSD
- 30 Menit ke TB Simatupang, Pondok Indah Mall, Poins Square dan Terminal Lebak Bulus
- ROW jalan utama selebar 8 meter dicor dengan beton K400
- Jaringan Listrik dibawah tanah
- Pembangunan toll jorr W2/Antasari menambah kemudahan akses.

Info lengkap: https://rumahdijual.com/tangerang/5734859-rumah-modern-minimalis-di-google-page-ranking-pamulang-tangerang.html
Follow us: @rumahdijual on Twitter - RumahDijual.com on Facebook"
39,4-Apr-21,https://rumahdijual.com/tangerang/6072650-rumah-cluster-ep-pondok-aren-tangsel-donhan.html,1800,Tangerang ,120,106,3,3,1,1,1,0,2200,SHM,"RUMAH DIJUAL: Rumah Cluster ""EP"" Pondok Aren, Tangsel | DonHan","Rumah cluster dg Taman Terbuka Hijau di ""EP"" Pondok Aren, Tangsel

Surrounding Area :

5 menit Halte Busway
10 menit Tol JORR
15 menit RS Premiere Bintaro
20 menit Bintaro X-Change Mall
Dekat dengan Universitas Budi Luhur
Bintaro Plaza
XXI CBD Ciledug
Pasar Textile Ciledug
Minimarket

SPESIFIKASI UNIT dan Fasilitas

Struktur : Beton bertulang
Pondasi : Beton bertulang & Batu kali
Dinding : Pasangan bata merah plester
Lantai : Granit tile 60x60cm
Rangka Atap : Kuda-kuda baja ringan
Penutup Atap : Genteng Flat Beton
Plafon Dalam : Gypsum Board
Plafond Luar : GRC Board
Kusen : Kayu kamper samarinda oven alumunium alexindo
Daun Pintu : Solid kamper samarinda oven
Daun Jendela : Alumunium
Sanitary : TOTO/setara
Elektrikal : Kabel standar SNI, 2200VA
Cat Dinding Luar : Mowilex/setara
Cat Plafond : Vinnilex/setara
Carport
2 Lantai
Taman Terbuka Hijau
One Gate System
Security 24 Jam


UNIT TYPE

Type 106/120 : Rp 1.863.000.000

Kamar Tidur : 3+1
Kamar Mandi : 4
Listrik : 2200 Watt

Sertifikat

SHM + IMB

Cara Pembayaran

Tunai Keras
Kredit Bank
Tunai Bertahap
DP KPR 20% dicicil 6x

Hubungi Marketing Official Kami

ERNIE CHAN

0812 8488 5966
0817 802 634

Info lengkap: https://rumahdijual.com/tangerang/6072650-rumah-cluster-ep-pondok-aren-tangsel-donhan.html
Follow us: @rumahdijual on Twitter - RumahDijual.com on Facebook"
40,4-Apr-21,https://rumahdijual.com/tangerang/5735308-rumah-modern-minimalis-di-google-page-ranking-pamulang-tangerang.html,682,Tangerang ,72,36,2,1,0,0,1,0,1300,SHM,RUMAH DIJUAL: Rumah Modern minimalis di PRPRPR $Pamulang$ $Tangerang$ $Selatan$ | $Zul_Don$,"Hunian Premium Cluster terbaru "" Pin Residence "" , Pamulang Tangerang Selatan
Berkonsep modern minimalis dengan arsiktektur dengan spefikasi tinggi dengan telah
diprogress 40 Unit kondisi 80% dengan stok tersedia 130 Unit masih tersedia :

- Atap Genteng Cisangka
- Pemipaan ""leher angsa""
- Dinding Hebel atau bata ringan
- Lantai yang Homogeneous Title
- Seijin Engineering Door
- Sanitair premium dari American Standard
- Ceiling 5 meter cluster berlantai 1

FASILITAS dan SELLING POINTS :

- Tersedia/dekat pusat perbelanjaan, SD Negri, SMP Swasta dan Universitas Swasta
- 10 Menit ke RS Permata,RSIA Vitalaya
- 15 Menit ke Stasiun Kereta Api Sudimara dan Pondok Cabe Golf Club
- 20 Menit ke BSD City, Aeon Mall dan The Breeze BSD
- 30 Menit ke TB Simatupang, Pondok Indah Mall, Poins Square dan Terminal Lebak Bulus
- ROW jalan utama selebar 8 meter dicor dengan beton K400
- Jaringan Listrik dibawah tanah
- Pembangunan toll jorr W2/Antasari menambah kemudahan akses.

Info lengkap: https://rumahdijual.com/tangerang/5735308-rumah-modern-minimalis-di-google-page-ranking-pamulang-tangerang.html
Follow us: @rumahdijual on Twitter - RumahDijual.com on Facebook"
41,4-Apr-21,https://rumahdijual.com/tangerang/5738237-rumah-modern-minimalis-di-google-page-ranking-pamulang-tangerang.html,682,Tangerang ,72,36,2,1,0,0,1,0,1300,SHM,RUMAH DIJUAL: Rumah Modern minimalis di PRPRPR $Pamulang$ $Tangerang$ $Selatan$ | $Zul_Don$,"Hunian Premium Cluster terbaru "" Pin Residence "" , Pamulang Tangerang Selatan
Berkonsep modern minimalis dengan arsiktektur dengan spefikasi tinggi dengan telah
diprogress 40 Unit kondisi 80% dengan stok tersedia 130 Unit masih tersedia :

- Atap Genteng Cisangka
- Pemipaan ""leher angsa""
- Dinding Hebel atau bata ringan
- Lantai yang Homogeneous Title
- Seijin Engineering Door
- Sanitair premium dari American Standard
- Ceiling 5 meter cluster berlantai 1

FASILITAS dan SELLING POINTS :

- Tersedia/dekat pusat perbelanjaan, SD Negri, SMP Swasta dan Universitas Swasta
- 10 Menit ke RS Permata,RSIA Vitalaya
- 15 Menit ke Stasiun Kereta Api Sudimara dan Pondok Cabe Golf Club
- 20 Menit ke BSD City, Aeon Mall dan The Breeze BSD
- 30 Menit ke TB Simatupang, Pondok Indah Mall, Poins Square dan Terminal Lebak Bulus
- ROW jalan utama selebar 8 meter dicor dengan beton K400
- Jaringan Listrik dibawah tanah
- Pembangunan toll jorr W2/Antasari menambah kemudahan akses.

Info lengkap: https://rumahdijual.com/tangerang/5738237-rumah-modern-minimalis-di-google-page-ranking-pamulang-tangerang.html
Follow us: @rumahdijual on Twitter - RumahDijual.com on Facebook"
42,4-Apr-21,https://rumahdijual.com/bintaro/9473615-rumah-kuldesak-cilosari-bintaro-siap-huni-sektor-6-gb.html,3350,Tangerang ,200,200,6,3,1,0,1,0,3300,KPR,"RUMAH DIJUAL: Rumah Kuldesak Cilosari Bintaro, Siap Huni Sektor 6 . GB-2522-M"," LT : 200 m2, LB : 200 m2, KT : 6+1, KM : 3, Carport : 1, Listrik : 3300, AC : 2, Air : PAM+Jetpum, Fasilitas Lain : Kitchen set, IDR : 3.35 M

 Rumah di lokasi yang strategis
 Dekat Tol dan Stasiun
 Keamanan 24 jam
 Akses mudah dicapai
 Harga Penawaran sangat Negotiable

 Proses Pembelian bisa dilakukan dengan CASH dan KPR (Kami bersedia membantu proses KPR Anda)

Segera hubungi:
SHANTY SUNTEA
081-2222-2222-6 (Whatsapp/Call) untuk Survey


CENTURY21 PRIMA ARCADE 2
Bintaro Trade Center (BTC) Blok B1 No 2
Jl. Bintaro Utama 9 Sektor 7 Bintaro Jaya
Tangerang Selatan 1522

Info lengkap: https://rumahdijual.com/bintaro/9473615-rumah-kuldesak-cilosari-bintaro-siap-huni-sektor-6-gb.html
Follow us: @rumahdijual on Twitter - RumahDijual.com on Facebook"
43,4-Apr-21,https://rumahdijual.com/bintaro/9473633-rumah-hommy-siap-huni-lokasi-di-puri-bintaro-dekat.html,2600,Tangerang ,135,106,3,2,1,1,1,0,5500,SHM,"RUMAH DIJUAL: Rumah Hommy Siap Huni lokasi di Puri Bintaro, dekat tol . SC-3718-M","LT: 135 m2, LB: 106 m2, KT: 3+1, KM: 2+1, Lantai: 2, Carport: 1, Listrik: 5500, AC: 3, Air: PAM, Surat: SHM, IDR; 2,6 M

 Rumah Terawat dan bersih
 Lingkungan aman, nyaman dan tenang
 Desain tata ruang nyaman
 Dekat Tol dan Stasiun
 akses menuju rumah mudah dicapai
 Harga Penawaran sangat Negotiable

 Proses Pembelian bisa dilakukan dengan CASH dan KPR (Kami bersedia membantu proses KPR Anda)

Segera hubungi:
SHANTY SUNTEA
081-2222-2222-6 (Whatsapp/Call) untuk Survey


CENTURY21 PRIMA ARCADE 2
Bintaro Trade Center (BTC) Blok B1 No 2
Jl. Bintaro Utama 9 Sektor 7 Bintaro Jaya
Tangerang Selatan 1522

Info lengkap: https://rumahdijual.com/bintaro/9473633-rumah-hommy-siap-huni-lokasi-di-puri-bintaro-dekat.html
Follow us: @rumahdijual on Twitter - RumahDijual.com on Facebook"
44,4-Apr-21,https://rumahdijual.com/9746867,2200,Tangerang ,94,170,2,2,2,1,1,1,2200,SHM,"Dijual segera rumah di Taman Permata 2 Bintaro, tangerang selatan","Dijual segera rumah di Taman Permata 2 Bintaro , Yuuk disurvey lihat pasti suka ..!!!

Luas Tanah 94m2
LB 170m2
Rumah Tingkat
PAM
Listrik 2200watt

 Ada Garasi mobil
 Taman
 Depan Jalan luas

2 Km Tdr utama
2 km Tdr pembantu
3 Km Mandi

Lantai 1
Dapur
 Ruang cuci lantai atas
ruang Keluarga luas
Kmr tdr anak (3x4)
- Kmr mandi anak
- Kmr mandi pembantu
-Kmr tdr pembantu

Lantai 2
- Ruang bermain anak
- Kmr Tdr Utama
(5x6m) ada kmr mandi Bath up Di dlm kmr)
- Kmr Pembantu
- tempat cuci baju dan jemuran

Rmh type 120/94
Harga 2,2Milyar Nego..
Bs kpr bank bni syariah suku bunga flat

survey by appoinment
Hub: 0812 9008 6978
Dewi 9Pro
Listrik: 2200 watt
Apakah mobil masuk? ya masuk"
45,4-Apr-21,https://rumahdijual.com/9746865,2200,Tangerang ,94,170,2,2,2,1,1,1,2200,SHM,"Dijual segera rumah di Taman Permata 2 Bintaro, tangerang selatan","Dijual segera rumah di Taman Permata 2 Bintaro

Luas Tanah 94m2
LB 170m2
Rumah Tingkat
PAM
Listrik 2200watt

- Ada Garasi mobil
- Taman
- Depan Jalan luas

2 Km Tdr utama
2 km Tdr pembantu
3 Km Mandi

Lantai 1
- Dapur
- Ruang cuci lantai atas
- ruang Keluarga luas
- Kmr tdr anak (3x4)
- Kmr mandi anak
- Kmr mandi pembantu
-Kmr tdr pembantu

Lantai 2
- Ruang bermain anak
- Kmr Tdr Utama
(5x6m) ada kmr mandi Bath up Di dlm kmr)
- Kmr Pembantu
- tempat cuci baju dan jemuran

Rmh type 120/94
Harga 2,2Milyar Nego..
Bs kpr bank bni syariah suku bunga flat

survey by appoinment
Hub: 0812 9008 6978
Dewi 9Pro"
46,4-Apr-21,https://rumahdijual.com/1898884,9778,Tangerang ,330,285,4,4,1,0,0,1,4400,PPJB,"LANCEWOOD NAVAPARK BSD CITY Hunian Ekskusif dengan unit terbatas,Info 0812 9008 6978..!!!","LANCEWOOD NAVAPARK BSD CITY

Lancewood Nava Park BSD City adalah Cluster Rumah yang dibangun di atas lahan seluas 68 Hektar di BSD City Serpong, pihaknya akan siap kembangkan 233 unit Rumah terkecil type 180m2. Merupakan Cluster Rumah Dengan disain Ekslusif yang sangat baik karena Cluster Rumah Ekslusif Lancewood Nava Park BSD City memang didisain memiliki Disain & view yang Indah layaknya sebuah resort yang sangat nyaman pada setiap unit Cluster Rumah Ekslusif Lancewood Nava Park BSD City. Cluster Rumah Ekslusif Lancewood Nava Park BSD City berada di jalan boulevard BSD City yang menghubungkan BSD City Tahap 1 dengan Tahap 2, sehingga akses dari & menuju Cluster Rumah Ekslusif Lancewood Nava Park BSD City sangat mudah.

Fasilitas terdekat dari Cluster Rumah Ekslusif Lancewood Nava Park BSD City salah satunya ada The Breeze BSD City, yang lokasinya bersebelahan dengan Cluster Rumah Ekslusif Lancewood Nava Park BSD City, lalu ada Aeon Mall dan Taman Kota 3 yang dapat dicapai kurang dari 10 menit dari Cluster Rumah Ekslusif Lancewood Nava Park BSD City, dan ada ICE ( Indonesia Convention & exhibition ) BSD City yang juga dapat dicapai hanya dalam sekitar 10 menit saja dari Cluster Rumah Ekslusif Lancewood Nava Park BSD City.

Nava Park
Nava Park BSD City, persembahan terbaru developer terpercaya Sinarmas dengan kolaborasi Hongkong Land akan membangun komplek hunian waterfront lifestyle ditengah kota BSD City, Serpong Tangerang. Nava Park dirancang oleh designer landscape internasional ternama AECOM. Diatas total lahan seluas 68 hektar, Nava Park BSD dirancang menjadi komunitas resort yang unik di kota BSD City dimana dikelilingi oleh kehidupan waterfront dan alam yang asri. Pada tahap 1 / stage 1, Nava Park BSD dijual dan dipasarkan untuk perumahan cluster premium / landed residences dan mid rise condominium Marigold Nava Park BSD pada awal tahun 2015.

Dengan konsep yang menyajikan fasilitas super lengkap, kawasan area 68 hektar Nava Park BSD akan memiliki :

NavaPark Country Club, Sprint Walk, man made Lake, Feature Bridge, playzone dan multipurpose park, landed house / cluster perumahan, condominium (high rise dan mid rise), commercial mixed-use dan waterfront villas.

Fasilitas & Lokasi Sekitar :

- Radius 2 KM Jakarta nanyang School , Swiss Germany University , Damai Indah Golf , AEON MALL , Eka Hospital , Binus City
- Playzone
- Navapark Country Club dengan Design Waterfront City
- Danau
- Botanica Park
- Jogging Track Sepanjang 15 KM , Danau Dengan Total 3.4 Hektar

LANCEWOOD NAVAPARK terdiri dari type:
- Tipe 9
Luas Tanah: 307 m2
Luas Bangunan: 242 m2

- Type 10
Luas Tanah : 220 m2
Luas Bangunan : 285 m2

- Type 10 Corner
Luas Tanah : 396 m2
Luas Bangunan : 285 m2


Pesan Sekarang...!!!


Tertarik untuk membeli rumah di Cluster Lancewood? hubungi kami untuk informasi lebih detail

HUB:
DEWI 9PROP
0812 9008 6978(WA)
0859 2000 4116


Informasi properti lainnya silahkan kunjungi WEB kami:
www.dewi76.agenproperti.com"
47,4-Apr-21,https://rumahdijual.com/9441436,888,Tangerang ,129,52,2,2,0,0,0,1,2200,SHM,JUAL CEPAT HARGA MIRING! BALI RESORT SERPONG. LOKASI NYAMAAAN..,"RUMAH DIJUAL CEPATT NEGO SAMPAI DEAL!!!

‚Ä¢BALI RESORT-SERPONG‚Ä¢
LT.129m2 (7x19) + kelebihan tanah 19m.
LB.52m2
1 lantai
KT.2
KM.2
Kamar Mandi, Dapur, Ruang Tamu, Tanah belakang masih kosong (Original)
SHM
Air Tanah
Listrik 2200watt
Belum pernah ditempati.

FASILITAS CLUSTER:
Taman, Gym, Kolam Renang, CCTV, Sistem Keamanan 24 jam.

Rp 888jt SAJAAAA!!! (Nego).


Buruan..Owner BUB!

Lokasi nyaman serasa tinggal di Bali!
Hanya 15menitan dari Stasiun Rawa Buntu BSD dan Pintu Tol Jorr BSD. Dekat dengan Pamulang, dan banyak Pusat Jajanan Makanan.

Segera hub:
‚Ä¢NAOMI MARISCA, S.IP‚Ä¢
082 113 225 455"
48,4-Apr-21,https://rumahdijual.com/5420556,1300,Tangerang ,126,122,4,3,1,1,0,1,2200,SHM,TURUN HARGA! BENER2 JUAL CEPAT+MURAH! CATELYA PRIVATE RESIDENCE BSD. SIAP HUNI+BAGUSS!,"DIJUAL CEPAAAT HARGA MIRING!
SIAP HUNI BANGEET

‚óèCATELYA PRIVATE RESIDENCE‚óè
Nusaloka - BSD
UNIT B7
LT.126m2
LB.122m2
KT.4+1
KM.3+1
2 lantai.
Carport: 2 mobil
Barat
2200 watt, kabel bawah tanah
Air Tanah
SHM
Rp 1,3M saja!

--> HARGA PASARAN Rp 1,6-1,9M KE ATASSS!

Lokasi bagusss..tepat bersebelahan dengan Cluster The Savia BSD by SinarmasLand.
Dekat dengan pintu Tol JORR, Pasar Modern BSD, Taman Jajan, Terminal Bus Trans BSD, RS.Bunda Delima, Stasiun Kereta Api Rawa Buntu, berbagai Sekolah: St.Ursula, Ora et Labora, Al Azhar, dll.
Rumah nyaman dan besar, row jalan besar 2 jalur, dan siap Huni!


Hub:
‚óèNAOMI MARISCA, S.IP‚óè
Benn's Property
082 113 225 455
http://naomi-marisca.agenproperti.com

naomimariscae.agenproperti123.com

IG: naomi_propertyconsultant"
49,4-Apr-21,https://rumahdijual.com/9276080,310,Tangerang ,60,60,2,1,0,0,0,1,1300,SHM,TURUN HARGA! JUAL CEPAT! BALE TIRTAWANA RUMPIN CISAUK SIAP HUNI!,"JUAL CEPAT!
‚Ä¢RUMAH BALE TIRTAWANA‚Ä¢
Rumpin Cisauk
LT.60
LB.Full
KT.2
KM.1
Listrik.1300 watt
Air Tanah
Dapur
Dak depan
Canopy baja ringan
SHM
Rp 310Jt saja!

Lokasi hanya 10-15 menit dari Aeon Mall dan Gedung ICE.
Dekat dengan Terminal Intermoda, Pasar Modern BSD 2, dll.

Segera hub:
*NAOMI MARISCA, S.IP*"
50,4-Apr-21,https://rumahdijual.com/10400837,400,Tangerang ,90,45,2,1,0,0,0,1,1300,SHM,JUAL CEPAAT BALE TIRTAWANA RUMPIN CISAUK TANGERANG,"DIJUAL CEPAAAAT!
TURUN HARGAAA..

‚Ä¢BALE TIRTAWANA‚Ä¢
Rumpin
LT.90
LB.45
KT.2
KM.1
Air Tanah
Listrik 1300 watt
SHM
Rp 400jt (NEGO!)

Lokasi hanya 10-15 menit dari Aeon Mall dan Gedung ICE.
Dekat dengan Terminal Intermoda, Pasar Modern BSD 2, dll.


Hub:
‚Ä¢NAOMI MARISCA, SIP‚Ä¢
Property Consultant
082 113 225 455"
51,4-Apr-21,https://rumahdijual.com/5791463,1300,Tangerang ,126,102,4,3,1,1,1,1,2200,SHM,TURUJ HARGA! JUAL CEPAT BANGET HARGA MIRING! CATELYA PRIVATE RESIDENCE NUSALOKA BSD.,"DIJUAL CEPAAAT HARGA MIRING!

‚óèCATELYA PRIVATE RESIDENCE‚óè
Nusaloka - BSD
‚Ä¢UNIT A2‚Ä¢
LT.126m2
LB.122m2
KT.4+1
KM.3+1
2 lantai
Carport. 2 Mobil
Timur
2200 watt, kabel bawah tanah
Air Tanah tapi beniing
SHM
Rp 1,3M SAJA!!

--> HARGA PASARAN Rp 1,6M-1,9Man KE ATASSS!

Lokasi bagusss..tepat bersebelahan dengan Cluster The Savia BSD by SinarmasLand.
Dekat dengan pintu Tol JORR, Pasar Modern BSD, Taman Jajan, Terminal Bus Trans BSD, RS.Bunda Delima, Stasiun Kereta Api Rawa Buntu, berbagai Sekolah: St.Ursula, Ora et Labora, Al Azhar, dll.
Rumah nyaman dan besar, row jalan besar 2 jalur, dan siap Huni!


Hub:
‚óèNAOMI MARISCA, S.IP‚óè
Benn's Property
082 113 225 455
http://naomi-marisca.agenproperti.com

naomimariscae.agenproperti123.com

IG: naomi_propertyconsultant"
52,4-Apr-21,https://rumahdijual.com/10258676,990,Tangerang ,90,90,2,2,0,0,1,1,4400,SHM,JUAL CEPAT!! SERPONG PARK BSD SIAP HUNI+NYAMAN!!,"Jual Cepat!
‚Ä¢RUMAH SERPONG PARK‚Ä¢
LT.90 (6x15)
LB.90
KT.2
KM.2
Listrik 4400 watt
Air PAM
Hadap Selatan
SHM
Biaya Notaris ditanggung Pembeli.
Penjual hanya menanggung pajak penjual.
AC 2 unit ditinggal

Perumahan Cluster Amethyst..
Depan rumah ada area parkir jalanan luas

Dekat Mall BSD Plaza, graha telkom, ITC BSD
Dekat sekolah
Dekat rmh ibadah
Dll

Rp 990 juta (NETT)

Lokasi nyaman, dekat dengan BSD Plaza, tembus ke Bintaro hanya 10 menit, dekat dengan ITC BSD Carrefour, BSD Square, TerasKota Mall, Giant Melati, Giant Extra BSD, hanya 10 menit ke Stasiun Rawa Buntu BSD, dekat dengan Pasar Modern BSD, Pintu tol JORR

Lalu dekat Serpong Park sedang dibangun project Jalan Tol JORR 2 yang akan membuat harga property di Serpong Park semakin naik!

Segera hubungi:
‚óèNAOMI MARISCA, S.IP‚óè
082 113 225 455
http://naomi-marisca.agenproperti.com

IG: @naomi_propertyconsultant"
53,4-Apr-21,https://rumahdijual.com/2906441,855,Tangerang ,75,69,3,2,0,0,0,1,2200,HGB,"Rumah Nyaman 2 Lantai, Bebas Banjir, FREE PPN 10%","PT PELANGI INTERNASIONAL kembali menghadirkan unit 2 lantai di Palm Village, dengan type bangunan 69. Dengan 3 kamar tidur dan 2 kamar mandi, akan sangat memenuhi kebutuhan keluarga Anda.
Dibangun dengan spesifikasi yang mumpuni, kami bisa menjamin kualitas bangunan rumah lebih unggul dibanding dengan perumahan sekitar dengan harga yang sama.
Palm Village dibangun di lokasi yang dekat dengan berbagai fasilitas umum. Diantaranya Sarana pendidikan dari TK-Universitas, RSUD Tangsel, tidak jauh dari Pom Bensin, dekat dengan pusat perbelanjaan, dan berada di daerah dengan kualitas sinyal yang bagus.
Harga rumah juga sudah termasuk:
-Biaya AJB dan Balik Nama Sertifikat
-PPn 10%
-Pemasangan Listrik 2200va
-Free Pompa Jet

Jika Anda ingin KPR, proses akan dibantu semua. Dan DP masih bisa diangsur, maksimal 5x dalam tempo 5 bulan.

Silahkan kunjungi Perumahan Palm Village untuk melihat rumah contohnya.
Kantor Pemasaran buka setiap hari.

Hubungi: DANANG 087 858 360 238 / 021-7403685
Hunian minimalis, aman dan nyaman untuk kehidupan Anda di saat ini. Beralamat di Jl. Pinang, Pamulang Timur, Tangerang Selatan dengan lingkungan asri, cluster, terletak di lokasi yang sangat strategis. Bebas banjir dan keamanan 24 jam. Silahkan berkunjung ke lokasi untuk melihat rumah contohnya. Dapatkan promo menarik dari PT PELANGI INTERNASIONAL untuk transaksi di bulan ini.
Luas Bangunan 41m2 dan Luas Tanah 106m2 dengan Sertifikat Hak Guna Bangun sampai 25th yang sudah pecah per kavling, semakin memuadhkan Anda apabila ingin membelinya melalui pembiayaan KPR.
DP Bisa diangsur dan Proses KPR dibantu sampai tuntas.
Silahkan berkunjung untuk memastikan kualitas unitnya.
Dijual: Rumah 2 (dua) Lantai
Cluster AURORA
Kawasan SUTERA RENATA
ALAM SUTERA
Type Mansion Plus

Luas Tanah 420 m2 (14x30)
Luas Bangunan 270 m2
Kamar Tidur 4+1
Kamar Mandi 4+1
Surat: SHM

Informasi Hubungi Marketing :
DANNY
81212122727
(Jual/Beli/Sewa/KPR Properti Saya Siap Membantu)

Link WA :
api.whatsapp.com/send?phone=6281212122727"
54,4-Apr-21,https://rumahdijual.com/4707286,785,Tangerang ,106,41,2,1,0,0,0,1,1300,HGB,"Rumah Baru, Posisi Sudut, 5 Menit Pintu Tol Serpong-Cinere -- FREE PPN","Hunian minimalis, aman dan nyaman untuk kehidupan Anda di saat ini. Beralamat di Jl. Pinang, Pamulang Timur, Tangerang Selatan dengan lingkungan asri, cluster, terletak di lokasi yang sangat strategis. Bebas banjir dan keamanan 24 jam. Silahkan berkunjung ke lokasi untuk melihat rumah contohnya. Dapatkan promo menarik dari PT PELANGI INTERNASIONAL untuk transaksi di bulan ini.
Luas Bangunan 41m2 dan Luas Tanah 106m2 dengan Sertifikat Hak Guna Bangun sampai 25th yang sudah pecah per kavling, semakin memuadhkan Anda apabila ingin membelinya melalui pembiayaan KPR.
DP Bisa diangsur dan Proses KPR dibantu sampai tuntas.
Silahkan berkunjung untuk memastikan kualitas unitnya."
55,4-Apr-21,https://rumahdijual.com/10083620,7000,Tangerang ,420,270,4,4,1,1,1,1,5500,SHM,Cluster AURORA Lebar 14 Kawasan SUTERA RENATA ALAM SUTERA #aurora24,"Dijual: Rumah 2 (dua) Lantai
Cluster AURORA
Kawasan SUTERA RENATA
ALAM SUTERA
Type Mansion Plus

Luas Tanah 420 m2 (14x30)
Luas Bangunan 270 m2
Kamar Tidur 4+1
Kamar Mandi 4+1
Surat: SHM

Informasi Hubungi Marketing :
DANNY
81212122727
(Jual/Beli/Sewa/KPR Properti Saya Siap Membantu)

Link WA :
api.whatsapp.com/send?phone=6281212122727"
56,4-Apr-21,https://rumahdijual.com/10436700,3100,Tangerang ,180,135,3,2,1,1,1,1,5500,SHM,Rumah cantik dijual murah di Avani BSD Furnished,"*Hot listing murah bgt*

üõ≥Ô∏è *Dijual/sewa rumah di The Avani BSD*

Cluster Anantha
Lt. 180m Lb 135m
Kt 3+1. Km 2+1
Listrik 5500 w.
Surat hak milik.
Full furnished

Harga 3.1 M nego
Sewa 100jt/th nego

Anna Reni Solid Pro
wa.me/6289624302719"
57,4-Apr-21,https://rumahdijual.com/10146300,1200,Tangerang ,76,60,2,2,1,0,0,1,2200,SHM,Rumah cluster Bintaro,"*Mau Tau Cara Beli Hunian Apartement Dengan Mudah dan Menguntungkan*

Type 2 BR

Spesial promo
- Diskon 20%
- Subsidi DP
- Subsidi angsuran
- Subsidi biaya akad
- Tanda jadi 10 juta
- Langsung Siap huni
- Free furnish
- Free IPL 3 tahun
- free biaya pengalihan hak

Ayo buruan jangan sampai kehabisan unit hanya tinggal !!!
@ Rumah 1 unit
@ Kavling 2 unit"
58,4-Apr-21,https://www.rumah123.com/properti/tangerang/hos8120924/,5100,Tangerang ,203,200,5,4,0,0,1,0,4400,SHM,RUMAH CANTIK SIAP HUNI DAN MURAH,"DIJUAL CEPAT/ MURAH DAN SIAP HUNI DI GREEN LAKE CITY CLUSTER EAST ASIA CIPONDOH TANGERANG.			
LOKASI RUMAH DEKAT CLUB HOUSE			
DEKAT TOL KARANG TENGAH			"
59,3-Apr-21,https://rumahdijual.com/8602013,1800,Tangerang ,128,92,3,3,1,1,1,1,2200,SHM,Verdant Ville Kawasan The Icon BSD,"Dijual: Rumah 2 (Dua) Lantai
Cluster Verdant Ville
Kawasan The Icon
BSD City

Luas Tanah 128 m2 (8x16)
Luas Bangunan 92 m2
Kamar Tidur 3+1
Kamar Mandi 3+1
Surat: SHM
Hadap: Selatan

Hubungi :
DANNY - 081212122727

Link WA :
api.whatsapp.com/send?phone=6281212122727
(Jual/Beli/Sewa/KPR Properti Saya Siap Membantu)"
60,3-Apr-21,https://rumahdijual.com/7267121,2300,Tangerang ,162,128,3,3,1,1,0,1,2200,SHM,Inika Island LT 162 LB 128 The Avani BSD City 081212122727,"Dijual: Rumah 2 Lantai
Cluster Inika Island Kawasan The Avani BSD City

Luas Tanah 162 m2 ( 9x18 )
Luas Bangunan 128 m2
Kamar Tidur 3+1
Kamar Mandi 3+1

Surat SHM

DANNY - 081212122727

Link WA :
api.whatsapp.com/send?phone=6281212122727
Sell-Buy-Rent"
61,3-Apr-21,https://rumahdijual.com/7465783,1500,Tangerang ,60,120,3,3,1,1,1,1,2200,PPJB,Whelford @Greenwich Park BSD City,"Dijual: Rumah 3 (Tiga) Lantai
Cluster Whelford Kawasan Greenwich Park BSD City

Luas Tanah 60 m2 (6x10)
Luas Bangunan 120 m2
Kamar Tidur 3+1
Kamar Mandi 3+1
Surat: PPJB

DANNY - 081212122727

Link WA :
api.whatsapp.com/send?phone=6281212122727
Sell-Buy-Rent"
62,3-Apr-21,https://rumahdijual.com/7857759,2500,Tangerang ,112,133,3,3,1,1,1,1,2200,PPJB,Cluster Luxmore Kawasan Greenwich BSD City,"Rumah bergaya arsitektur modern di Cluster Luxmore Greenwich Park bernuansa resort dengan pengoptimalan ruang di dalam rumah. sehingga kesan modern dan minimalis sangat terasa ketika masuk ke dalam Cluster ini.

Lokasi Cluster sendiri sangat dekat dengan pusat bisnis dan Edutown BSD City. Selain itu dekat juga dengan pusat perbelanjaan.

Ready Stock type 133/112

Dimensi tanah 8 X 14
Kamar tidur 3+1
Kamar mandi 3+1
Garasi + Carport
Surat: PPJB siap AJB
Hadap: Selatan

Hubungi:
DANNY - 081212122727

Link WA :
api.whatsapp.com/send?phone=6281212122727
Sell-Buy-Rent"
63,3-Apr-21,https://rumahdijual.com/3793164,1200,Tangerang ,90,76,3,2,0,0,0,1,0,SHM,Rumah Syariah Mewah Dan Strategis Di TANGSEL Dekat MRT Lebak Bulus,"RUMAH SYARIAH
CARANYA MUDAH, TRANSAKSINYA BERKAH

Menjawab keinginan banyak pihak untuk membuat perumahan berskema 100 % Syariah disekitaran Jakarta, alhamdulillah kini harapan terwujud sudah.

KINI TELAH HADIR...

KIRAI PARK, CIRENDEU, TANGSEL


Perumahan berkonsep kepemilikan 100 % Syariah di lokasi strategis di selatan Jakarta

-Tanpa Bank
-Tanpa Riba
-Tanpa Denda
-Tanpa Sita
-Tanpa Asuransi
-Tanpa BI Checking

BERADA DI LOKASI TERBAIK DENGAN AKSES YG STRATEGIS :

- 6 km ke Pondok Indah Mall
- 3 km ke MRT Lebak Bulus
- 2 km ke Universitas Terbuka, Pondok Cabe
- 3 km ke Pintu toll Pondok Pinang
- 3 km ke UIN Ciputat

KABAR GEMBIRANYA..

Tersedia unit ready stock. Anda tinggal lunasi DP-nya, lalu Anda tempati rumahnya. Gimana, asyik apa asyik?

MINAT???

HUBUNGI KAMI SEKARANG JUGA!!!

RAHMAT SUWANDI
HP/WA: 085264487212

BURUAN JANGAN SAMPAI KEHABISAN!!!"
64,3-Apr-21,https://www.rumah123.com/properti/tangerang/hos8118790/,875,Tangerang ,55,40,2,1,0,0,0,0,3500,SHM,RUMAH JL MAWAR 7 CIPONDOH TANGERANG KODE 2021-03-0029-ERW,LOKASI BAGUS
65,3-Apr-21,https://www.rumah123.com/properti/tangerang/hos8118756/,1800,Tangerang ,63,83,3,2,0,0,1,0,4400,PPJB,RUMAH GREEN VILLAGE CIPONDOH TANGERANG KODE 2021-03-0012-SUS,LOKASI BAGUS
66,3-Apr-21,https://www.rumah123.com/properti/tangerang/hos8116684/,1400,Tangerang ,63,86,3,2,0,0,1,0,0,SHM,Rumah Bagus dan Harga Murah di Green Village Cipondoh Tangerang,"LT/LB : 63 / 86 M,3 K. Tidur,2 K. Mandi,AC 3 + CCTV
LOKASI AMAN
BEBAS BANJIR
KEAMANAN 24 JAM
BEBAS BANJIR
KEAMANAN 24 JAM"
67,1-Apr-21,https://www.rumah123.com/properti/tangerang/hos8111469/,5940,Tangerang ,236,199,5,4,1,1,1,0,3500,SHM,SUPER BEST DEAL! SEMI FURNISHED BISA KPR RUMAH MINIMALIS CANTIK SUTERA VICTORIA ALAM SUTERA HOEK,"2 Menit Menuju *MALL LIVING WORLD* , *THE FLAVOR BLISS*, & *PASAR DELAPAN*

2 Menit Menuju *MALL ALAM SUTERA* & *CBD*

2 Menit Menuju *IKEA* & *DIRECT TOLL JAKARTA*

*Tipe Daisy Sudut*
LT 236 m2
LB 199 m2
2 Lantai
Hoek 2 Tampak
4 + 1 Kamar Tidur
3 + 1 Kamar Mandi
Lokasi Sangat Strategis

Kondisi Semi Furnished:
- Kitchen Set
- CCTV 3 Titik
- MF 12 Bulan
- Shower Screen
- Solar Water Heater

BISA KPR , DIBANTU MENDAPATKAN HARGA TERBAIK"
68,1-Apr-21,https://www.rumah123.com/properti/tangerang/hos8109107/,5781,Tangerang ,240,243,4,3,1,1,1,1,2200,SHM,SIAP HUNI ! CLUSTER FAVORIT HANYA SELANGKAH KE PASAR 8 DAN PUSAT KULINER ALAM SUTERA,"Rumah Murah Siap Huni di Cluster @ Alam Sutera

Cluster di Alam Sutera, Kawasan Hijau Lokasi Strategis di Pusat Kuliner dan CBD Alam Sutera Tangerang.

Keunggulan Cluster :
- Lokasi Strategis dekat ke Pusat CBD dan Kuliner Alam Sutera
- Dekat Kampus BINUS, UBM, dan SGU
- Cluster Hijau banyak pepohonan ( bersih, modern, dan asri) dan dekat Tol Jorr II (tol bandara)

Luas Tanah 240 m2 , Luas Bangunan 243 m2. 4+1 Kamar Tidur - Bangunan 2 Lantai.

Siap-siap harga naik setelah Tol Jorr II Alam Sutera-Bandara Soekarno Hatta Jadi !

Info Lengkap dan Survey Hub :
Beni Grusnady 087885531998

Ready to serve you anytime, serve with love :)

Pelayanan terbaik hanya untuk ANDA :))
Rumah Murah Siap Huni di Cluster @ Alam Sutera

Cluster di Alam Sutera, Kawasan Hijau Lokasi Strategis di Pusat Kuliner dan CBD Alam Sutera Tangerang.

Keunggulan Cluster :
- Lokasi Strategis dekat ke Pusat CBD dan Kuliner Alam Sutera
- Dekat Kampus BINUS, UBM, dan SGU
- Cluster Hijau banyak pepohonan ( bersih, modern, dan asri) dan dekat Tol Jorr II (tol bandara)

Luas Tanah 240 m2 , Luas Bangunan 243 m2. 4+1 Kamar Tidur - Bangunan 2 Lantai.

Siap-siap harga naik setelah Tol Jorr II Alam Sutera-Bandara Soekarno Hatta Jadi !

Info Lengkap dan Survey Hub :
Beni Grusnady 087885531998

Ready to serve you anytime, serve with love :)

Pelayanan terbaik hanya untuk ANDA :))
"
69,1-Apr-21,https://www.rumah123.com/properti/tangerang/hos7932243/,6501,Tangerang ,144,277,5,5,1,1,1,0,5500,SHM,RUMAH MARMER &LIFT SEMI FURNISHED HARGA TERBAIK DI ALAM SUTERA,"RUMAH SPEKSIFIKASI MARMER DAN LIFT SEMI FURNISHED DI ALAM SUTERA dengan HARGA TERBAIK

@Sutera Winona Alam Sutera Tangerang

Spech Tinggi dan Mewah dengan Tile Marmer, Design ""American Classic Style""

LOKASI TERBAIK DI ALAM SUTERA !!
- Dekat Akes Tol Jakarta Tangerang , IKEA, De Calthon
- Dekat Universitas ( Binus, UBM, SGU)
- Selangkah Ke Pusat Perbelanjaan dan Pasar Tradisional serta Kulineran , RS OMNI, Mercure Hotel

TIPE WALACE
UK.8X18
LT : 144
LB : 277
Kamar Tidur 5+1
Powder Room 2
Study Room 1
Hadap : Selatan & Utara
- Bangunan 3 Lantai

Furnished :
- Kicthen Set By Toto
- AC Di Setiap Kamar
- Smarthome
- Canopy
- Maintenance 12x
- Smartdoor

Optional Menggunakan Lift

INFO DETAIL :
Donna Thia
Call/WA ; 08118885554 Www.donnathiapro.agent.co.id"
70,1-Apr-21,https://www.rumah123.com/properti/tangerang/hos7956211/,3075,Tangerang ,128,138,4,3,1,1,1,0,2200,SHM,"RUMAH MEWAH 2 LANTAI HADAP TIMUR, HARGA TERBAIK, FURNISHED,Alam Sutera,Tangerang","Rumah Mewah 2 Lantai, Harga Terbaik , FURNISHED di Alam Sutera,Tangerang

Lokasi di Green Tunel Alam Sutera, dengan Banyak Penghijauan di Sepanjang Jalan
Daerah Strategis dekat dengan :
- Mall Alam Sutera , Universitas, Perkantoran
- Akses Tol Jakarta Tangerang, IKEA
- Mall Living World, Flavor Bliss,Pasar 8 Tradisional

Tipe Lotus :
LT : 124
LB : 138
-Bangunan 2 Lantai
Hadap : Timur
( club house tinggal jalan kaki)
halaman belakang luas

Furnished:
- Kitchen Set By TOTO
- CCTV
- AC
- Solar Water Heater

Info Detail:
Donna Thia
081990000338"
71,1-Apr-21,https://www.rumah123.com/properti/tangerang/hos5923436/,1700,Tangerang ,80,130,3,3,1,1,0,1,0,"PPJB,Girik,Adat,dll",Rumah Murah Dijamin Untung Cluster Karelia di Gading Serpong,"Dijual Rumah Murah Jual Rugi Dijamin Untung di Cluster Karelia di Gading Serpong Tangerang.

Luas Tanah : 80 m2 (8x10).
Luas Bangunan : 130m2
Lantai : 2.
Kamar Tidur : 3+1
Kamar Mandi : 3+1
PPJB siap AJB.

Lokasi sangat strategis :
*Lokasi dekat RS Betsaida
*UMN Gading Serpong
*Giant Gading Serpong

Hubungi :
Martha
087871235559
Harcourts Realty
(Harcourt adalah agen property dr New Zealand yang berdiri sejak 1888 dan telah berkembang menjadi salah satu agen property terbesar di dunia)."
72,1-Apr-21,https://www.rumah123.com/properti/tangerang/hos8108664/,4287,Tangerang ,200,193,4,3,1,1,1,0,2200,SHM,"Rumah Siap Huni dengan Harga Terbaik dan Jujur, Rumah Favorite di Sutera Victoria Alam Sutera,Tangerang","Rumah Terfavorite Dan Terlaris di Sutera Victoria , Harga Terbaik dan Jujur di Alam Sutera

Lokasi dekat dengan Universitas Binus , Mall Alam Sutera, IKEA, De Calthon, Exit Tol Jakarta

Tipe Naia+ ( 8x25)
- LT : 200 LB : 193
bangunan 2 lantai
posisi : badan
hadap : selatan
4+1 Kamar Tiudr
4+1 Kamar Mandi

Semi Furnished :
- Kitchen Set By TOTO
- CCTV
- Solar Water Heater
- Shower Screen
- Maintenance 12 bl

Info Detail :
donna thia
08118885554
inhouse alam sutera"
73,1-Apr-21,https://www.rumah123.com/properti/tangerang/hos8111720/,750,Tangerang ,60,120,3,2,0,0,0,1,2200,SHM,Rumah murah cantik minimalis siap huni,"di jual melalui lelang Objek yang di lelang:
1 (satu) bidang tanah sesuai SHGB Nomor 474/Kenanga, luas 60 m, berikut bangunan diatasnya, terletak di Kelurahan Kenanga, Kecamatan Cipondoh, Kota Tangerang, Propinsi Banten, setempat dikenal dengan Perumahan Griya Kenanga, Jalan Kenanga 9 Blok AA No.29. Harga 750 juta"
74,1-Apr-21,https://www.rumah123.com/properti/tangerang/hos8111135/,320,Tangerang ,50,50,2,1,0,0,0,0,2200,SHM,Termurah Rumah cipondoh makmur Poris indah semi furnish siap huni lokasi strategis,"Dekat sekolahan                              Dekat pasar
Dekat jalan to
Dekat kullneran"
75,1-Apr-21,https://www.rumah123.com/properti/tangerang/hos8100429/,2100,Tangerang ,105,150,3,3,1,0,1,0,2200,SHM,di rumah 2 lantai Cipondoh tangerang,"Di Jual Rumah 2 Lantai
Sertifikat Hak Milik
Luas Tanah 105 Meter
Luas Tanah 7x15
Bangunan 150 Meter Kurang Lebih
Kamar Tidur 3+1
Kamar Mandi 3
Listrik 2200 Watt
Air Pam Penampungan bawah
Penampungan atas Toren
Lokasi Strategis Depan Holland Bakery
Rumah Depan Taman Bermain anak2
Rumah sudah Semi Furnish, yg
Nempel tidak di bawa.
Kitchen Set dan Kompor Elextrolux
Ac 4 unit
Lemari Pakaian kamar utama Nempel
Lemari Pakaian kamar anak Nempel
Sofa
Harga Rp.2.100.000.000 nego"
76,1-Apr-21,https://www.rumah123.com/properti/tangerang/hos8110123/,1200,Tangerang ,96,70,2,1,0,0,0,0,4400,SHM,"Rumah Terawat Di Simprug Poris, Tangerang, Lokasi Strategis (Shr)","LT : 8x12 (96)							
LB : 70							
SHM							
2 K. Tidur							
1 K. Mandi							
PLN 4.400w							
1 Unit AC							
SHM							
PAM, Jet Pump							
Satelit 70m							
Platfon 4 meter							
Keramik ALbatros Blue							
							
							
Fasilitas :							
- Stasiun kereta, 20 menit ke Jakarta dengan kereta. Kereta langsung ke bandara.							
- Terminal bus Antar kota,busway sampai Central Park - Terminal.Poris Plawad.							
- Jalan toll Green Lake							
- Banyak Kuliner, Hokben, Holland Bakery, Pizza Hut Delivery.							
- Apotek K24, Apotek Kimia Farma, Guardian, Century.							
- Akses Fasilitas umum : Bank, Sekolah, pasar, Supermarket, minimarket, Mall, Rumah Sakit, sport club, kolam renang. Pom Bensin							
- Ke Kalideres hanya 4,5 km dari daerah Cipondoh Poris.							"
77,1-Apr-21,https://www.rumah123.com/properti/tangerang/hos8104776/,2250,Tangerang ,105,105,3,3,0,0,0,1,4400,"Lainnya (PPJB,Girik,Adat,dll)",Rumah Mentland Puri Cipondoh Tangerang,"For Sale

Rumah Mentland Puri Cipondoh Tangerang
Lokasi
Metland Puri
Perbatasan Jakarta Barat sama Tangerang

Luas tanah 105 m2 (7x15m)
Luas bangunan 105 m2
2 lantai

3 kamar tidur
3 kamar mandi"
78,1-Apr-21,https://www.rumah123.com/properti/tangerang/hos8110001/,1600,Tangerang ,66,95,3,2,0,0,0,1,0,PPJB,Rumah 2 Lantai Green Village Boulevard Type Hokaido di Cipondoh Tangerang (ANY),"LT/LB : 6 x 11 ( 66 / 95 m2 )
3 K. Tidur
2 K. Mandi
PPJB
Hdp Selatan

keamanan 24 jam
bebas banjir
lokasi ok"
79,1-Apr-21,https://www.rumah123.com/properti/tangerang/hos8109987/,1100,Tangerang ,48,75,2,2,0,0,0,1,0,PPJB,Rumah Green Village Type Tokyo di Cipondoh Tangerang (ANY),"LT/LB : 4 x 12 ( 48 / 75 m2 )
2 K. Tidur
2 K. Mandi
PPJB
Hdp Utara

keamanan 24 jam
bebas banjir
lokasi ok"
80,1-Apr-20,https://www.rumah123.com/properti/tangerang/hos8108425/,5500,Tangerang ,582,200,4,4,0,0,0,1,3500,SHM,"Rumah Asri &amp; Nyaman Di Irigasi Sipon, Cipondoh, Tangerang (Swd)","LT : 582
LB : 200
4 K. Tidur
4 K. Mandi
SHM
PLN 3.500w

Lokasi sangat strategis dekat dengan Poris Indah.
Dekat dengan Green Lake City.
Dekat dengan Kosambi Baru dan Puri Indah.
Dekat Stasiun Poris juga Terminal Bus.
Dekat dengan berbagai fasilitas publik seperti sekolah,
rumah ibadah, dan rumah sakit.
Strategis ke arah Metland City!"
81,31 maret 2021,https://www.rumah123.com/properti/tangerang/hos8103438/,800,Tangerang ,78,60,3,2,0,0,1,0,2200,SHM,Rumah Cantik 2 lantai,"Lokasi hanya berjarak 13 Menit ke
PUsat Bisnis dan perkantoran

* lippo supermal karawaci, campus UPH, SPH, Siloam Hospital, Tol karawaci, RS Qodar
* Serpong, Campus UNM, RS Best sida, Sumarecon mall, Al Azhar
* Citra Raya, campus Esa unggul,

10 menit ke Campus stpi ( Sekolah Tinggi Penerbangan idonesia)

FASILITAS di Kawasan Aryana karawaci
* Area komersial
* Aryana Aquaplay
* Pasar be"
82,31 maret 2021,https://www.rumah123.com/properti/tangerang/hos7656654/,4287,Tangerang ,200,193,5,4,1,1,1,0,4400,SHM,SIAP HUNI ! HARGA TERBAIK RUMAH TERLARIS SUTERA VICTORIA ALAM SUTERA TIPE NAIA,"2 Menit Menuju *MALL LIVING WORLD* , *THE FLAVOR BLISS*, & *PASAR DELAPAN*

2 Menit Menuju *MALL ALAM SUTERA* & *CBD*

2 Menit Menuju *IKEA* & *DIRECT TOLL JAKARTA*

*Tipe Naia+ *
LT 200 m2
LB 193 m2
2 Lantai
Badan
4+ 1 Kamar Tidur
4 + 1 Kamar Mandi


Kondisi Semi Furnished:
- Kitchen Set By Toto ( Kompor Gas by Franke, Sink Franke - Lemari Atas dan Bawah)
- CCTV 3 Titik
- AC
- Solar Water Heater
- Maintenance 1 Tahun"
83,31 maret 2021,https://www.rumah123.com/properti/tangerang/hos6042332/,3075,Tangerang ,128,138,4,3,1,1,1,0,2200,SHM,CUMA 1 UNIT ! HADAP TIMUR ! UNIT LANGKA ! BISA PARKIR BANYAK MOBIL ! Rumah Modern di Cluster Feronia Alam Sutera Tangerang - Lokasi Strategis di Kawasan Hijau Alam Sutera Tangerang,"Cluster Feronia @ Alam Sutera

Cluster di Alam Sutera, Kawasan Hijau Lokasi Strategis di Pusat Kuliner dan CBD Alam Sutera Tangerang.

Keunggulan Cluster Feronia :
- Lokasi Strategis dekat ke Pusat CBD dan Kuliner Alam Sutera
- Dekat Kampus BINUS, UBM, dan SGU
- Cluster Hijau banyak pepohonan ( bersih, modern, dan asri) dan dekat Tol Jorr II (tol bandara)

Feronia Tipe Lotus Sdt
Luas Tanah 124 m2 , Luas Bangunan 138 m2.
4+1 Kamar Tidur - Bangunan 2 Lantai.

Hadap Timur Paling Favorit Banyak Dicari Karena Hadap Matahari Pagi !

Siap-siap harga naik setelah Tol Jorr II Alam Sutera-Bandara Soekarno Hatta Jadi !

Info Lengkap dan Survey Hub :
Beni Grusnady 087885531998

Ready to serve you anytime, serve with love :)

Pelayanan terbaik hanya untuk ANDA :))"
84,30 Maret 2021,https://www.rumah123.com/properti/tangerang/hos8097381/,450,Tangerang ,60,36,2,1,0,0,1,0,1300,SHM,rumah murah di cluster batavia terrace grand batavia pasar kemis siap huni,"kondisi rumah:
- masih baru (belum pernah dihuni)
- sudah direnovasi
- siap huni

lokasi:
- perumahan grand batavia pasar kemis
- cluster batavia terrace
- security 24 jam
- dekat batavia splash water adventure
- dekat cbd grand batavia
- lokasi terjamin bebas banjir, dll."
85,30 Maret 2021,https://www.rumah123.com/properti/tangerang/hos8094794/,1300,Tangerang ,71,70,3,3,0,0,1,0,2200,SHM,** BRAND NEW ** Rumah MINIMALIS Graha Raya,"Di Jual Cepat Rumah 2 Lantai siap huni cluster Fortune essence Graha Raya Bintaro Tangerang

**SALE ** HARGA 1,3 M (NEGO)

Type Daisy
Luas Tanah : 70
Luas Banguan : 71
Kamar Tidur : 3
Kamar Mandi : 2
Listrik.2200 watt
Sertifikat : SHM

Selling point:
Lokasi strategis
Terdekat pasar modern Graha raya Bintaro
Rs permata ibu
Selangkah ke ci ledug
shopping center Graha raya

Ayoo segera survey sebelum Terlambat Hubungi :
Reni
087881457066
Duta Mega Property
Terimakasih
"
86,30 Maret 2021,https://www.rumah123.com/properti/tangerang/hos5207303/,500,Tangerang ,60,50,3,2,0,0,1,0,1300,SHM,Rumah Graha Raya Rumah Murah Akses Strategis,"Rumah 2 Lantai Bisa Costem Sesuai Keinginan

* Akses :
- 3 Menit Rencana Stasiun MRT Benda Baru
- 5 Menit Tol BSD
- 10 Menit Stasiun KA Rawa Buntu
- 10 Menit Shettle Bus DAMRI

* Fasilitas :
- 3 Menit WaliKota Tanggerang Selatan
- 3 Menit Rs Permata Pamulang
- 3 Menit Sekolah Al Zahra
- 10 Menit Pasar Moderen BSD
- 10 Menit Lotte Mart

Info :
Wawan (0812 8420 9505 wa)."
87,30 Maret 2021,https://www.rumah123.com/properti/tangerang/hos7810282/,300,Tangerang ,92,60,2,1,0,0,1,0,0,SHM,"Rumah di Wilayah Poris, Kota Tangerang","Spesifikasi :
SHM
LT. 92 M2 / LB. 60 M2
1 Lantai
2 Kamar Tidur
1 Kamar Mandi
Ruang Tamu
Dapur
Parkiran Motor

Keunggulan Lainnya:
Berjarak tempuh 5 Menit dengan Terminal Bus Poris
Berjarak tempuh 10 Menit dengan Stasiun Kereta Poris
Berjarak tempuh 5 Menit dengan Stasiun Kereta Batu Ceper
Berjarak tempuh 10 Menit dengan Pasar Induk Daerah Tanah Tinggi"
88,30 Maret 2021,https://www.rumah123.com/properti/tangerang/hos5207303/,500,Tangerang ,60,50,3,2,0,0,1,0,1300,SHM,Rumah Graha Raya Rumah Murah Akses Strategis,"Rumah 2 Lantai Bisa Costem Sesuai Keinginan

* Akses :
- 3 Menit Rencana Stasiun MRT Benda Baru
- 5 Menit Tol BSD
- 10 Menit Stasiun KA Rawa Buntu
- 10 Menit Shettle Bus DAMRI

* Fasilitas :
- 3 Menit WaliKota Tanggerang Selatan
- 3 Menit Rs Permata Pamulang
- 3 Menit Sekolah Al Zahra
- 10 Menit Pasar Moderen BSD
- 10 Menit Lotte Mart

Info :
Rumah 2 Lantai Bisa Costem Sesuai Keinginan

* Akses :
- 3 Menit Rencana Stasiun MRT Benda Baru
- 5 Menit Tol BSD
- 10 Menit Stasiun KA Rawa Buntu
- 10 Menit Shettle Bus DAMRI

* Fasilitas :
- 3 Menit WaliKota Tanggerang Selatan
- 3 Menit Rs Permata Pamulang
- 3 Menit Sekolah Al Zahra
- 10 Menit Pasar Moderen BSD
- 10 Menit Lotte Mart

Info :
"
89,30-Mar-21,https://www.rumah123.com/properti/tangerang/hos7762479/,585,Tangerang ,60,60,2,1,0,0,0,0,1300,SHM,RUMAH MURAH BAGUS Poris Indah LT 61 free 2Ac,"RUMAH MURAH Poris Indah Cipondoh luas tanah 61. 1 tingkat. 2kt,1km..Free 2,Ac. Fasilitas : kereta ,kereta langsung ke bandara, toll, terminal bus antar kota, busway, kuliner, bank, sekolah, pasar, mall,supermarket, rumah sakit, sport club, kolam renang,rumah ibadah. Masih perbatasan dengan Kalideres. Untuk survei hub sehari sebelumnya. KPR siap di bantu. UNTUK LIHAT IKLAN LAIN BISA BUKA WEBSITE wirawanpramono.agenproperti123.com .Terima titip jual beli sewa Property."
90,29 maret 2021,https://www.rumah123.com/properti/tangerang/hos8091763/,1800,Tangerang ,128,98,3,2,1,1,1,0,2200,SHM,Rumah Nyaman Cluster Monaco Gading Serpong,"Dijual Cepat, Rumah di Monaco Village, Gading Serpong, Tangerang



Luas tanah : 128 m2 (8x16)

Luas bangunan : 98 m2

2 lantai

Kamar tidur : 3+1

Kamar mandi : 2+1

Hadap : Barat Laut

Sertifikat : hak milik
"
91,29 maret 2021,https://www.rumah123.com/properti/tangerang/hos6193839/ ,7800,Tangerang ,434,400,4,4,2,1,1,1,2200,HGB,Rumah baru mewah ada halaman belakang luas di Alam Sutera,"Berada dalam kawasan perumahan mewah nyaman dan tenang dengan sistim keamanan 24 jam.
Dekat akses toll, Mall Alam Sutera, IKEA, Living World, Omny Hospital, Kampus BINUS dll

Spesifikasi sbb:

*RUMAH BARU LAVENDER ALAM Sutera
LT 434 (1627,2),
LB 400
Kt 4+2 Km 4+1
Semua Kt ada Km dalam
Garage+carport 4Mobil
Taman belakang yang luas 192m (1216)
HGB
Selatan
Harga 7.8M nego
proPpeu
"
92,29 maret 2021,https://www.rumah123.com/properti/tangerang/hos4362155/ ,4300,Tangerang ,182,200,4,3,1,1,1,0,2200,"PPJB,Girik,Adat,dll",Rumah Cantik Desain Modern di Alam Sutra,"Berlokasi di kawasan Alam Sutra yang serba lengkap, kondisi bangunan baru dan sangat bagus didukung material yang berkwalitas, ruangan kamar yang sangat besar, masih tersedia lahan kosong, dengan type rumah modern, dekat dengan, sport club, st Laurencius school, Living World, IKEA, Giant, Omni hospital, Binus School, pintu toll alam sutra serta fasilitas alam sutra lainnya...
"
93,29 maret 2021,https://www.rumah123.com/properti/tangerang/hos8084116/,1650,Tangerang ,120,100,3,2,1,1,1,0,2200,SHM,"Rumah Harga Murah di Gading Serpong, Cash Only, dekat sekolah Tarakanita, Giant, UMN","Pembayaran CASH

Didalam Cluster
Keamanan 24 Jam
Strategis dekat berbagai Fasilitas

Hub :
WA / Call 0813.1540.7530
CHRISTIN
"
94,29 maret 2021,https://www.rumah123.com/properti/tangerang/hos8054551/ ,12000,Tangerang ,480,600,5,4,1,1,1,1,5500,SHM,"Rumah Mewah berkolam renang di Alam Sutera, Dekat IKEA, Akses Tol Tangerang, Nego","Lokasi dekat akses Tol
Dekat IKEA, Mal Alam Sutera, Living World
Keamanan 24 Jam
Dalam Cluster yg Tenang, Asri dan Nyaman
Jalan Depan Lebar
Depan Club house
Kamar Tidur Besar dan Kola Renang Pribadi

Spesifikasi :
Luas Tanah 480
Luas Bangunan +/- 600
Kamar Tidur 5+1
Kamar Mandi 4+1
Full Furnished
Kolam Renang pribadi



More Info :
WA / Call 0813.1540.7530
CHRISTIN"
95,29 maret 2021,https://www.rumah123.com/properti/tangerang/hos4592924/ ,7600,Tangerang ,434,400,4,4,1,1,1,1,2200,HGB,Rumah desain modern di alam sutra,"Berlokasi di kawasan Alam Sutra yang serba lengkap, kondisi bangunan sangat bagus didukung material yang berkwalitas, ruangan kamar yang sangat besar, masih tersedia lahan kosong, dengan type rumah modern, setiap kamar ada kamar mandinya, dekat dengan, sport club, st Laurencius school, Living World, IKEA, Giant, omni hospital, Binus School, serta fasilitas alam sutra lainnya!!!"
96,25 Maret 2021,https://www.rumah123.com/properti/tangerang/hos8034107/,875,Tangerang ,55,50,2,1,0,0,0,0,3300,SHM,"Rumah Poris Indah Raya 5X11 Semi Furnished, Poris Plawad,Tangerang","Semi furnished semua baru dari th 2019 kondisi masih sangat bagus ada sbb :	
	
- 1 set ranjang Simons tipe tertinggi	
	
- 1 unit AC di kamar utama (Daikin 1PK)	
	
- Kitchen set + kompor induksi gas	
	
- Kabinet TV + android TV 40""	
	
- Water heater (ariston)	
	
- Sofa + meja	
	
- Lemari baju Tinggi custom sampai ceiling	
	
- Water booster ( tekanan air kencang)	
	
- Toilet toto	
	
- Sudah terpasang jaringan internet (wifi)	
	
- Tidak termasuk mesin cuci, kulkas, dispenser	
	
	
	
Spec rumah:	
	
- dasar rumah tinggi	
	
- aman dari banjir, Januari 2020 hanya genangan semata kaki dan cepat surut	
	
- ceiling 4 M sehingga rumah adem	
	
- lantai granit 60x60	
	
- kerangka baja ringan (bangunan dijamin bagus dan kokoh)	
	
- listrik 3300 watt token	
	
- ada tempat khusus mesin cuci	"
97,17 Maret 2021,https://www.rumah123.com/properti/tangerang/hos8044857/,820,Tangerang ,55,40,2,1,0,0,0,0,3300,SHM,Rumah satu lantai sudah renovasi di Poris kode tg 607,"BANGUNAN BARU 2017
Semi furnished semua baru dari th 2019 kondisi masih sangat bagus
1 set ranjang Simons tipe tertinggi
1 unit AC di kamar utama (Daikin 1PK)
Kitchen set + kompor induksi gas
Kabinet TV + android TV 40""
Water heater (ariston)
Sofa + meja
Lemari baju Tinggi custom sampai ceiling
Water booster ( tekanan air kencang)
Toilet toto
Sudah terpasang jaringan internet (wifi)
Tidak termasuk mesin cuci, kulkas, dispenser
Spec rumah:

- dasar rumah tinggi

- aman dari banjir, Januari 2020 hanya genangan semata kaki dan cepat surut

- ceiling 4 M sehingga rumah adem

- lantai granit 60x60

- kerangka baja ringan (bangunan dijamin bagus dan kokoh)

- listrik 3300 watt token

- ada tempat khusus mesin cuci"
98,16 maret 2021,https://www.rumah123.com/properti/tangerang/hos8008262/,575,Tangerang ,45,42,2,2,0,0,2,0,0,HGB,RUMAH 2 LANTAI DEKAT STASIUN CISAUK DAN AEON,"Perumahan serpong Golden Park 2 terletak di daerah Serpong.
Menganut sistem cluster, memiliki desain minimalis modern yang dipercantik dengan nuansa perbukitan alami.
Semua rumah
secara khusus didesain untuk menjawab permintaan konsumen belakangan ini, yaitu 2 lantai dan dilengkapi dengan 2 carport.

terletak di lokasi yang sangat strategis. Sangat dekat dengan sekolah, universitas, rumah sakit, stasiun, mall, pusat perbelanjaan, dan aksesnya sangat mudah menuju ke Jakarta Selatan.
"
99,16 maret 2021,https://www.rumah123.com/properti/tangerang/hos7566185/,1200,Tangerang ,73,60,3,2,0,0,2,0,2200,SHM,RUMAH CANTIK DAN ELEGAN DI SERPONG,"Perumahan serpong Golden Park 2 terletak di daerah Serpong.
Menganut sistem cluster, memiliki desain minimalis modern yang dipercantik dengan nuansa perbukitan alami.
Semua rumah
secara khusus didesain untuk menjawab permintaan konsumen belakangan ini, yaitu 2 lantai dan dilengkapi dengan 2 carport.

terletak di lokasi yang sangat strategis. Sangat dekat dengan sekolah, universitas, rumah sakit, stasiun, mall, pusat perbelanjaan, dan aksesnya sangat mudah menuju ke Jakarta Selatan.
"
100,11 Maret 2021,https://www.rumah123.com/properti/tangerang/hos7780990/ ,700,Tangerang ,55,100,3,2,1,1,0,0,1300,SHM,RUMAH MURAH Poris Indah 2 LANTAI lt. 55 m2 700 juta,"Jual rumah di Poris Indah siap huni lt. 55, lb. 100. 3 KT, 2 KM. Silahkan telepon untuk janjian sehari sebelumnya untuk survey rumahnya. Terima tituipjual rumah, Ruko, tanah, dll. Untuk lihat iklan kita yang lainnya bisa buka website kita di www. wirawanpramono.agenproperti123.com."
